group	id	family	go_symbol	detail
pkg:coding-agent/.#AgentSession	pkg:coding-agent/.#AgentSession::construct:0	naming: Pi class/type name vs Go name (AgentSession->coding.Session, ExtensionAPI->extension.API, ExtensionRunner->inproc.Runner, ...)	coding/session.go#Session	no NewAgentSession constructor function (N3)
pkg:coding-agent/.#AgentSession	pkg:coding-agent/.#AgentSession::property:bindExtensions::call:0	unions/options: union, boolean, record or options-object shape vs Go representation [S3]	coding/session_tool_registry.go#Session.BindExtensions	S3: required upstream parameter bindings lands in a Go variadic tail
pkg:coding-agent/.#AgentSession	pkg:coding-agent/.#AgentSession::property:exportToHtml	PORT-NEEDED: AgentSession.exportToHtml	coding/session.go#Session	no field or method for property exportToHtml in coding/session.go#Session (N1, N2, json tag)
pkg:coding-agent/.#AgentSession	pkg:coding-agent/.#AgentSession::property:exportToHtml::call:0	PORT-NEEDED: AgentSession.exportToHtml	coding/session.go#Session	property has no Go member
pkg:coding-agent/.#AgentSession	pkg:coding-agent/.#AgentSession::property:exportToJsonl	PORT-NEEDED: AgentSession.exportToJsonl	coding/session.go#Session	no field or method for property exportToJsonl in coding/session.go#Session (N1, N2, json tag)
pkg:coding-agent/.#AgentSession	pkg:coding-agent/.#AgentSession::property:exportToJsonl::call:0	PORT-NEEDED: AgentSession.exportToJsonl	coding/session.go#Session	property has no Go member
pkg:coding-agent/.#AgentSession	pkg:coding-agent/.#AgentSession::property:hasExtensionHandlers	PORT-NEEDED: AgentSession.hasExtensionHandlers	coding/session.go#Session	no field or method for property hasExtensionHandlers in coding/session.go#Session (N1, N2, json tag)
pkg:coding-agent/.#AgentSession	pkg:coding-agent/.#AgentSession::property:hasExtensionHandlers::call:0	PORT-NEEDED: AgentSession.hasExtensionHandlers	coding/session.go#Session	property has no Go member
pkg:coding-agent/.#AgentSession	pkg:coding-agent/.#AgentSession::property:hasPendingBashMessages	PORT-NEEDED: AgentSession.hasPendingBashMessages	coding/session.go#Session	no field or method for property hasPendingBashMessages in coding/session.go#Session (N1, N2, json tag)
pkg:coding-agent/.#AgentSession	pkg:coding-agent/.#AgentSession::property:isBashRunning	PORT-NEEDED: AgentSession.isBashRunning	coding/session.go#Session	no field or method for property isBashRunning in coding/session.go#Session (N1, N2, json tag)
pkg:coding-agent/.#AgentSession	pkg:coding-agent/.#AgentSession::property:isRetrying	PORT-NEEDED: AgentSession.isRetrying	coding/session.go#Session	no field or method for property isRetrying in coding/session.go#Session (N1, N2, json tag)
pkg:coding-agent/.#AgentSession	pkg:coding-agent/.#AgentSession::property:promptTemplates	PORT-NEEDED: AgentSession.promptTemplates	coding/session.go#Session	no field or method for property promptTemplates in coding/session.go#Session (N1, N2, json tag)
pkg:coding-agent/.#AgentSession	pkg:coding-agent/.#AgentSession::property:recordBashResult::call:0	datashapes: type has no rule [undecidable]	coding/session.go#Session.RecordBashResult	"parameter options: T12: object literal type ""{ excludeFromContext?: boolean; }"" against Go type bool"
pkg:coding-agent/.#AgentSession	pkg:coding-agent/.#AgentSession::property:reload	PORT-NEEDED: AgentSession.reload	coding/session.go#Session	no field or method for property reload in coding/session.go#Session (N1, N2, json tag)
pkg:coding-agent/.#AgentSession	pkg:coding-agent/.#AgentSession::property:reload::call:0	PORT-NEEDED: AgentSession.reload	coding/session.go#Session	property has no Go member
pkg:coding-agent/.#AgentSession	pkg:coding-agent/.#AgentSession::property:sendCustomMessage::call:0	datashapes: type has no rule [undecidable]	coding/session_custom_messages.go#Session.SendCustomMessage	parameter message: T9: upstream type CustomMessage against Go type extension.CustomMessageRef
pkg:coding-agent/.#AgentSession	pkg:coding-agent/.#AgentSession::property:settingsManager	PORT-NEEDED: AgentSession.settingsManager	coding/session.go#Session	no field or method for property settingsManager in coding/session.go#Session (N1, N2, json tag)
pkg:coding-agent/.#AgentSession	pkg:coding-agent/.#AgentSession::property:state	PORT-NEEDED: AgentSession.state	coding/session.go#Session	no field or method for property state in coding/session.go#Session (N1, N2, json tag)
pkg:coding-agent/.#AgentSession	pkg:coding-agent/.#AgentSession::property:subscribe::call:0	datashapes: type has no rule [undecidable]	coding/session.go#Session.Subscribe	parameter listener: T9: upstream type AgentSessionEventListener against Go type func(agent.AgentEvent)
pkg:coding-agent/.#AgentSession	pkg:coding-agent/.#AgentSession::property:summarizeForBugReport::call:0	datashapes: type has no rule [undecidable]	coding/bug_report.go#Session.SummarizeForBugReport	"parameter options: T12: object literal type ""{ hint?: string; signal: AbortSignal; }"" against Go type string"
pkg:coding-agent/.#AgentSession	pkg:coding-agent/.#AgentSession::property:supportsThinking	PORT-NEEDED: AgentSession.supportsThinking	coding/session.go#Session	no field or method for property supportsThinking in coding/session.go#Session (N1, N2, json tag)
pkg:coding-agent/.#AgentSession	pkg:coding-agent/.#AgentSession::property:supportsThinking::call:0	PORT-NEEDED: AgentSession.supportsThinking	coding/session.go#Session	property has no Go member
pkg:coding-agent/.#AgentSessionConfig	pkg:coding-agent/.#AgentSessionConfig	naming: Pi class/type name vs Go name (AgentSession->coding.Session, ExtensionAPI->extension.API, ExtensionRunner->inproc.Runner, ...)		no Go type named AgentSessionConfig (N1, N2) and no documented rename
pkg:coding-agent/.#AgentSessionEvent	pkg:coding-agent/.#AgentSessionEvent	naming: Pi class/type name vs Go name (AgentSession->coding.Session, ExtensionAPI->extension.API, ExtensionRunner->inproc.Runner, ...)		no Go type named AgentSessionEvent (N1, N2) and no documented rename
pkg:coding-agent/.#AgentSessionEventListener	pkg:coding-agent/.#AgentSessionEventListener	naming: Pi class/type name vs Go name (AgentSession->coding.Session, ExtensionAPI->extension.API, ExtensionRunner->inproc.Runner, ...)		no Go type named AgentSessionEventListener (N1, N2) and no documented rename
pkg:coding-agent/.#AgentSessionRuntime	pkg:coding-agent/.#AgentSessionRuntime::construct:0	functions: parameter count differs (context.Context, option structs, injected process-global state) [S4]	coding/runtime.go#NewRuntime	S4: upstream takes 5 parameters, Go takes 1
pkg:coding-agent/.#AgentSessionRuntime	pkg:coding-agent/.#AgentSessionRuntime::property:diagnostics	PORT-NEEDED: AgentSessionRuntime.diagnostics	coding/runtime.go#Runtime	no field or method for property diagnostics in coding/runtime.go#Runtime (N1, N2, json tag)
pkg:coding-agent/.#AgentSessionRuntime	pkg:coding-agent/.#AgentSessionRuntime::property:modelFallbackMessage	PORT-NEEDED: AgentSessionRuntime.modelFallbackMessage	coding/runtime.go#Runtime	no field or method for property modelFallbackMessage in coding/runtime.go#Runtime (N1, N2, json tag)
pkg:coding-agent/.#AgentSessionRuntime	pkg:coding-agent/.#AgentSessionRuntime::property:switchSession::call:0	datashapes: type has no rule [signature-mismatch]	coding/runtime_replacement.go#Runtime.SwitchSession	parameter options: T12: Go struct extension.SwitchSessionOptions has no field for cwdOverride
pkg:coding-agent/.#AgentSessionServices	pkg:coding-agent/.#AgentSessionServices::property:resourceLoader	datashapes: named/branded/object-literal/alias type vs a differently named Go type [T9]	coding/services.go#AgentSessionServices.ResourceLoader	T9: upstream type ResourceLoader against Go type coding.DefaultResourceLoader
pkg:coding-agent/.#AgentToolUpdateCallback	pkg:coding-agent/.#AgentToolUpdateCallback	datashapes: named/branded/object-literal/alias type vs a differently named Go type [A0]	coding/extension/opaque_types.go#AgentToolUpdateCallback	A0: upstream alias is a function type, Go type is extension.AgentToolUpdateCallback
pkg:coding-agent/.#AppKeybinding	pkg:coding-agent/.#AppKeybinding	datashapes: named/branded/object-literal/alias type vs a differently named Go type [A3]	internal/codingagent/app_keybinding.go#AppKeybinding	"A3: upstream alias body ""keyof AppKeybindings"" is not a string-literal union or a single type"
pkg:coding-agent/.#Args	pkg:coding-agent/.#Args::property:listModels	datashapes: named/branded/object-literal/alias type vs a differently named Go type [T10]	cmd/pig/args.go#Args.ListModels	"T10: union ""string | true | undefined"" against Go type string (not an interface with methods)"
pkg:coding-agent/.#Args	pkg:coding-agent/.#Args::property:print	unions/options: union, boolean, record or options-object shape vs Go representation [T3]	cmd/pig/args.go#Args.Print	T3: upstream boolean, Go type is string
pkg:coding-agent/.#Args	pkg:coding-agent/.#Args::property:resume	PORT-NEEDED: Args.resume	cmd/pig/args.go#Args	no field or method for property resume in cmd/pig/args.go#Args (N1, N2, json tag)
pkg:coding-agent/.#ArminComponent	pkg:coding-agent/.#ArminComponent::construct:0	naming: Pi class/type name vs Go name (AgentSession->coding.Session, ExtensionAPI->extension.API, ExtensionRunner->inproc.Runner, ...)	internal/codingagent/armin.go#ArminComponent	no NewArminComponent constructor function (N3)
pkg:coding-agent/.#AssistantMessageComponent	pkg:coding-agent/.#AssistantMessageComponent::construct:0	functions: parameter count differs (context.Context, option structs, injected process-global state) [S4]	tui/assistant_message_block.go#NewAssistantMessageComponent	S4: upstream takes 6 parameters, Go takes 1
pkg:coding-agent/.#AssistantMessageComponent	pkg:coding-agent/.#AssistantMessageComponent::property:render	inheritance: member promoted from the embedded Container/Box/Focusable or Go naming (render->Render, invalidate->Invalidate, getXList->List, dispose, focused field)	tui/assistant_message_block.go#AssistantMessageComponent	no field or method for property render in tui/assistant_message_block.go#AssistantMessageComponent (N1, N2, json tag)
pkg:coding-agent/.#AssistantMessageComponent	pkg:coding-agent/.#AssistantMessageComponent::property:render::call:0	inheritance: member promoted from the embedded Container/Box/Focusable or Go naming (render->Render, invalidate->Invalidate, getXList->List, dispose, focused field)	tui/assistant_message_block.go#AssistantMessageComponent	property has no Go member
pkg:coding-agent/.#AssistantMessageComponent	pkg:coding-agent/.#AssistantMessageComponent::property:setHiddenThinkingLabel	inheritance: member promoted from the embedded Container/Box/Focusable or Go naming (render->Render, invalidate->Invalidate, getXList->List, dispose, focused field)	tui/assistant_message_block.go#AssistantMessageComponent	no field or method for property setHiddenThinkingLabel in tui/assistant_message_block.go#AssistantMessageComponent (N1, N2, json tag)
pkg:coding-agent/.#AssistantMessageComponent	pkg:coding-agent/.#AssistantMessageComponent::property:setHiddenThinkingLabel::call:0	inheritance: member promoted from the embedded Container/Box/Focusable or Go naming (render->Render, invalidate->Invalidate, getXList->List, dispose, focused field)	tui/assistant_message_block.go#AssistantMessageComponent	property has no Go member
pkg:coding-agent/.#AssistantMessageComponent	pkg:coding-agent/.#AssistantMessageComponent::property:setHideThinkingBlock	inheritance: member promoted from the embedded Container/Box/Focusable or Go naming (render->Render, invalidate->Invalidate, getXList->List, dispose, focused field)	tui/assistant_message_block.go#AssistantMessageComponent	no field or method for property setHideThinkingBlock in tui/assistant_message_block.go#AssistantMessageComponent (N1, N2, json tag)
pkg:coding-agent/.#AssistantMessageComponent	pkg:coding-agent/.#AssistantMessageComponent::property:setHideThinkingBlock::call:0	inheritance: member promoted from the embedded Container/Box/Focusable or Go naming (render->Render, invalidate->Invalidate, getXList->List, dispose, focused field)	tui/assistant_message_block.go#AssistantMessageComponent	property has no Go member
pkg:coding-agent/.#AssistantMessageComponent	pkg:coding-agent/.#AssistantMessageComponent::property:setOutputPad	inheritance: member promoted from the embedded Container/Box/Focusable or Go naming (render->Render, invalidate->Invalidate, getXList->List, dispose, focused field)	tui/assistant_message_block.go#AssistantMessageComponent	no field or method for property setOutputPad in tui/assistant_message_block.go#AssistantMessageComponent (N1, N2, json tag)
pkg:coding-agent/.#AssistantMessageComponent	pkg:coding-agent/.#AssistantMessageComponent::property:setOutputPad::call:0	inheritance: member promoted from the embedded Container/Box/Focusable or Go naming (render->Render, invalidate->Invalidate, getXList->List, dispose, focused field)	tui/assistant_message_block.go#AssistantMessageComponent	property has no Go member
pkg:coding-agent/.#AssistantMessageComponent	pkg:coding-agent/.#AssistantMessageComponent::property:updateContent::call:0	functions: parameter count differs (context.Context, option structs, injected process-global state) [S4]	tui/assistant_message_block.go#AssistantMessageComponent.updateContent	S4: upstream takes 2 parameters, Go takes 0
pkg:coding-agent/.#BashExecutionComponent	pkg:coding-agent/.#BashExecutionComponent::construct:0	functions: parameter count differs (context.Context, option structs, injected process-global state) [S4]	tui/bash_execution.go#NewBashExecutionComponent	S4: upstream takes 3 parameters, Go takes 2
pkg:coding-agent/.#BashExecutionComponent	pkg:coding-agent/.#BashExecutionComponent::property:appendOutput	inheritance: member promoted from the embedded Container/Box/Focusable or Go naming (render->Render, invalidate->Invalidate, getXList->List, dispose, focused field)	tui/bash_execution.go#BashExecutionComponent	no field or method for property appendOutput in tui/bash_execution.go#BashExecutionComponent (N1, N2, json tag)
pkg:coding-agent/.#BashExecutionComponent	pkg:coding-agent/.#BashExecutionComponent::property:appendOutput::call:0	inheritance: member promoted from the embedded Container/Box/Focusable or Go naming (render->Render, invalidate->Invalidate, getXList->List, dispose, focused field)	tui/bash_execution.go#BashExecutionComponent	property has no Go member
pkg:coding-agent/.#BashExecutionComponent	pkg:coding-agent/.#BashExecutionComponent::property:getCommand	inheritance: member promoted from the embedded Container/Box/Focusable or Go naming (render->Render, invalidate->Invalidate, getXList->List, dispose, focused field)	tui/bash_execution.go#BashExecutionComponent	no field or method for property getCommand in tui/bash_execution.go#BashExecutionComponent (N1, N2, json tag)
pkg:coding-agent/.#BashExecutionComponent	pkg:coding-agent/.#BashExecutionComponent::property:getCommand::call:0	inheritance: member promoted from the embedded Container/Box/Focusable or Go naming (render->Render, invalidate->Invalidate, getXList->List, dispose, focused field)	tui/bash_execution.go#BashExecutionComponent	property has no Go member
pkg:coding-agent/.#BashExecutionComponent	pkg:coding-agent/.#BashExecutionComponent::property:getOutput	inheritance: member promoted from the embedded Container/Box/Focusable or Go naming (render->Render, invalidate->Invalidate, getXList->List, dispose, focused field)	tui/bash_execution.go#BashExecutionComponent	no field or method for property getOutput in tui/bash_execution.go#BashExecutionComponent (N1, N2, json tag)
pkg:coding-agent/.#BashExecutionComponent	pkg:coding-agent/.#BashExecutionComponent::property:getOutput::call:0	inheritance: member promoted from the embedded Container/Box/Focusable or Go naming (render->Render, invalidate->Invalidate, getXList->List, dispose, focused field)	tui/bash_execution.go#BashExecutionComponent	property has no Go member
pkg:coding-agent/.#BashExecutionComponent	pkg:coding-agent/.#BashExecutionComponent::property:render	inheritance: member promoted from the embedded Container/Box/Focusable or Go naming (render->Render, invalidate->Invalidate, getXList->List, dispose, focused field)	tui/bash_execution.go#BashExecutionComponent	no field or method for property render in tui/bash_execution.go#BashExecutionComponent (N1, N2, json tag)
pkg:coding-agent/.#BashExecutionComponent	pkg:coding-agent/.#BashExecutionComponent::property:render::call:0	inheritance: member promoted from the embedded Container/Box/Focusable or Go naming (render->Render, invalidate->Invalidate, getXList->List, dispose, focused field)	tui/bash_execution.go#BashExecutionComponent	property has no Go member
pkg:coding-agent/.#BashExecutionComponent	pkg:coding-agent/.#BashExecutionComponent::property:setComplete::call:0	functions: parameter count differs (context.Context, option structs, injected process-global state) [S4]	tui/bash_execution.go#BashExecutionComponent.SetComplete	S4: upstream takes 4 parameters, Go takes 3
pkg:coding-agent/.#BashExecutionComponent	pkg:coding-agent/.#BashExecutionComponent::property:setExpanded	inheritance: member promoted from the embedded Container/Box/Focusable or Go naming (render->Render, invalidate->Invalidate, getXList->List, dispose, focused field)	tui/bash_execution.go#BashExecutionComponent	no field or method for property setExpanded in tui/bash_execution.go#BashExecutionComponent (N1, N2, json tag)
pkg:coding-agent/.#BashExecutionComponent	pkg:coding-agent/.#BashExecutionComponent::property:setExpanded::call:0	inheritance: member promoted from the embedded Container/Box/Focusable or Go naming (render->Render, invalidate->Invalidate, getXList->List, dispose, focused field)	tui/bash_execution.go#BashExecutionComponent	property has no Go member
pkg:coding-agent/.#BashOperations	pkg:coding-agent/.#BashOperations::property:exec::call:0	datashapes: type has no rule [signature-mismatch]	coding/extension/bash_operations.go#BashOperations.Exec	parameter options: T12: Go struct extension.BashOperationsExecOptions has no field for signal
pkg:coding-agent/.#BashSpawnContext	pkg:coding-agent/.#BashSpawnContext::property:env	datashapes: named/branded/object-literal/alias type vs a differently named Go type [T9]	internal/codingagent/tools/shell_tool.go#BashSpawnContext.Env	T9: upstream type ProcessEnv against Go type []string
pkg:coding-agent/.#BashSpawnHook	pkg:coding-agent/.#BashSpawnHook	TEST-NEEDED: symbol has no test that names it	internal/codingagent/tools/shell_tool.go#BashSpawnHook	no test references internal/codingagent/tools/shell_tool.go#BashSpawnHook and no caller is reachable from cmd/pig
pkg:coding-agent/.#BashSpawnHook	pkg:coding-agent/.#BashSpawnHook::call:0	TEST-NEEDED: symbol has no test that names it	internal/codingagent/tools/shell_tool.go#BashSpawnHook	no test references internal/codingagent/tools/shell_tool.go#BashSpawnHook and no caller is reachable from cmd/pig
pkg:coding-agent/.#BashToolCallEvent	pkg:coding-agent/.#BashToolCallEvent::property:input	datashapes: named/branded/object-literal/alias type vs a differently named Go type [T12]	coding/extension/events.go#BashToolCallEvent.Input	"T12: object literal type ""{ timeout?: number | undefined; command: string; }"" against Go type extension.BashToolInput"
pkg:coding-agent/.#BashToolDetails	pkg:coding-agent/.#BashToolDetails::property:truncation	datashapes: named/branded/object-literal/alias type vs a differently named Go type [T9]	coding/extension/events.go#BashToolDetails.Truncation	T9: upstream type TruncationResult against Go type extension.ToolTruncation
pkg:coding-agent/.#BashToolInput	pkg:coding-agent/.#BashToolInput	datashapes: named/branded/object-literal/alias type vs a differently named Go type [T9]	coding/extension/opaque_types.go#BashToolInput	T9: upstream type Static against Go type extension.BashToolInput
pkg:coding-agent/.#BeforeAgentStartEvent	pkg:coding-agent/.#BeforeAgentStartEvent::property:systemPromptOptions	datashapes: named/branded/object-literal/alias type vs a differently named Go type [T9]	coding/extension/events.go#BeforeAgentStartEvent.SystemPromptOptions	T9: upstream type NormalizedBuildSystemPromptOptions against Go type extension.BuildSystemPromptOptions
pkg:coding-agent/.#BeforeAgentStartEventResult	pkg:coding-agent/.#BeforeAgentStartEventResult::property:message	datashapes: named/branded/object-literal/alias type vs a differently named Go type [T9]	coding/extension/events.go#BeforeAgentStartEventResult.Message	T9: upstream type CustomMessage against Go type extension.CustomMessageRef
pkg:coding-agent/.#BorderedLoader	pkg:coding-agent/.#BorderedLoader::construct:0	functions: parameter count differs (context.Context, option structs, injected process-global state) [S4]	tui/bordered_loader.go#NewBorderedLoader	S4: upstream takes 4 parameters, Go takes 2
pkg:coding-agent/.#BorderedLoader	pkg:coding-agent/.#BorderedLoader::property:handleInput	behaviour contract: handleInput state-transition contract (behavior-contracts.toml) [B1]	tui/bordered_loader.go#BorderedLoader	B1: handleInput needs a state-transition contract in test/parity/behavior-contracts.toml
pkg:coding-agent/.#BoundaryContextPreview	pkg:coding-agent/.#BoundaryContextPreview::property:llmMessages	datashapes: named/branded/object-literal/alias type vs a differently named Go type [T9]	coding/extension/events.go#BoundaryContextPreview.LLMMessages	T9: upstream type Message against Go type any
pkg:coding-agent/.#BranchSummaryMessageComponent	pkg:coding-agent/.#BranchSummaryMessageComponent	naming/placement: several Go declarations match; choose the exported one [N5]		N5: the shape matches several Go declarations: tui/box.go#Box, tui/skill_invocation.go#SkillInvocationMessageComponent
pkg:coding-agent/.#BuildSystemPromptOptions	pkg:coding-agent/.#BuildSystemPromptOptions::property:skills	datashapes: named/branded/object-literal/alias type vs a differently named Go type [T9]	coding/extension/system_prompt_options.go#BuildSystemPromptOptions.Skills	T9: upstream type Skill against Go type extension.SystemPromptSkill
pkg:coding-agent/.#CacheWarmingMode	pkg:coding-agent/.#CacheWarmingMode	datashapes: named/branded/object-literal/alias type vs a differently named Go type [A3]	internal/codingagent/settings.go#CacheWarmingMode	"A3: upstream alias body ""(typeof CACHE_WARMING_MODES)[number]"" is not a string-literal union or a single type"
pkg:coding-agent/.#CompactionEntry	pkg:coding-agent/.#CompactionEntry::property:systemMessage	datashapes: named/branded/object-literal/alias type vs a differently named Go type [T9]	internal/codingagent/session.go#CompactionEntry.SystemMessage	T9: upstream type SystemMessage against Go type json.RawMessage
pkg:coding-agent/.#CompactionEntryDraft	pkg:coding-agent/.#CompactionEntryDraft	naming/placement: several Go declarations match; choose the exported one [N5]		N5: the shape matches several Go declarations: internal/codingagent/session.go#CompactionEntry, coding/extension/events.go#SessionBoundaryDraft
pkg:coding-agent/.#CompactionSummaryMessageComponent	pkg:coding-agent/.#CompactionSummaryMessageComponent	naming/placement: several Go declarations match; choose the exported one [N5]		N5: the shape matches several Go declarations: tui/box.go#Box, tui/skill_invocation.go#SkillInvocationMessageComponent
pkg:coding-agent/.#ContextEditEntry	pkg:coding-agent/.#ContextEditEntry::property:replacement	datashapes: named/branded/object-literal/alias type vs a differently named Go type [T9]	internal/codingagent/session_manager_projection.go#ContextEditEntry.Replacement	T9: upstream type ContextEditableContent against Go type json.RawMessage
pkg:coding-agent/.#ContextEditableContent	pkg:coding-agent/.#ContextEditableContent	naming: Pi class/type name vs Go name (AgentSession->coding.Session, ExtensionAPI->extension.API, ExtensionRunner->inproc.Runner, ...)		no Go type named ContextEditableContent (N1, N2) and no documented rename
pkg:coding-agent/.#CreateAgentSessionFromServicesOptions	pkg:coding-agent/.#CreateAgentSessionFromServicesOptions	naming: Pi class/type name vs Go name (AgentSession->coding.Session, ExtensionAPI->extension.API, ExtensionRunner->inproc.Runner, ...)		no Go type named CreateAgentSessionFromServicesOptions (N1, N2) and no documented rename
pkg:coding-agent/.#CreateAgentSessionOptions	pkg:coding-agent/.#CreateAgentSessionOptions	naming: Pi class/type name vs Go name (AgentSession->coding.Session, ExtensionAPI->extension.API, ExtensionRunner->inproc.Runner, ...)		no Go type named CreateAgentSessionOptions (N1, N2) and no documented rename
pkg:coding-agent/.#CreateAgentSessionResult	pkg:coding-agent/.#CreateAgentSessionResult	naming: Pi class/type name vs Go name (AgentSession->coding.Session, ExtensionAPI->extension.API, ExtensionRunner->inproc.Runner, ...)		no Go type named CreateAgentSessionResult (N1, N2) and no documented rename
pkg:coding-agent/.#CreateAgentSessionRuntimeFactory	pkg:coding-agent/.#CreateAgentSessionRuntimeFactory::call:0	datashapes: type has no rule [signature-mismatch]	coding/runtime_replacement.go#CreateAgentSessionRuntimeFactory	parameter options: T12: Go struct coding.CreateAgentSessionRuntimeOptions has no field for projectTrustContext
pkg:coding-agent/.#CreateAgentSessionRuntimeResult	pkg:coding-agent/.#CreateAgentSessionRuntimeResult::property:diagnostics	PORT-NEEDED: CreateAgentSessionRuntimeResult.diagnostics	coding/runtime_replacement.go#CreateAgentSessionRuntimeResult	no field or method for property diagnostics in coding/runtime_replacement.go#CreateAgentSessionRuntimeResult (N1, N2, json tag)
pkg:coding-agent/.#CreateAgentSessionRuntimeResult	pkg:coding-agent/.#CreateAgentSessionRuntimeResult::property:extensionsResult	PORT-NEEDED: CreateAgentSessionRuntimeResult.extensionsResult	coding/runtime_replacement.go#CreateAgentSessionRuntimeResult	no field or method for property extensionsResult in coding/runtime_replacement.go#CreateAgentSessionRuntimeResult (N1, N2, json tag)
pkg:coding-agent/.#CreateAgentSessionRuntimeResult	pkg:coding-agent/.#CreateAgentSessionRuntimeResult::property:modelFallbackMessage	PORT-NEEDED: CreateAgentSessionRuntimeResult.modelFallbackMessage	coding/runtime_replacement.go#CreateAgentSessionRuntimeResult	no field or method for property modelFallbackMessage in coding/runtime_replacement.go#CreateAgentSessionRuntimeResult (N1, N2, json tag)
pkg:coding-agent/.#CreateAgentSessionServicesOptions	pkg:coding-agent/.#CreateAgentSessionServicesOptions::property:extensionFlagValues	unions/options: union, boolean, record or options-object shape vs Go representation [T6]	coding/services.go#CreateAgentSessionServicesOptions.ExtensionFlagValues	T6: upstream record, Go type is []coding.ExtensionFlagValue
pkg:coding-agent/.#CredentialSynchronizationError	pkg:coding-agent/.#CredentialSynchronizationError::construct:0	naming: Pi class/type name vs Go name (AgentSession->coding.Session, ExtensionAPI->extension.API, ExtensionRunner->inproc.Runner, ...)	coding/model_runtime_native.go#CredentialSynchronizationError	no NewCredentialSynchronizationError constructor function (N3)
pkg:coding-agent/.#CredentialSynchronizationError	pkg:coding-agent/.#CredentialSynchronizationError::property:name	PORT-NEEDED: CredentialSynchronizationError.name	coding/model_runtime_native.go#CredentialSynchronizationError	no field or method for property name in coding/model_runtime_native.go#CredentialSynchronizationError (N1, N2, json tag)
pkg:coding-agent/.#CredentialSynchronizationError	pkg:coding-agent/.#CredentialSynchronizationError::property:stack	PORT-NEEDED: CredentialSynchronizationError.stack	coding/model_runtime_native.go#CredentialSynchronizationError	no field or method for property stack in coding/model_runtime_native.go#CredentialSynchronizationError (N1, N2, json tag)
pkg:coding-agent/.#CustomEditor	pkg:coding-agent/.#CustomEditor	naming: Pi class/type name vs Go name (AgentSession->coding.Session, ExtensionAPI->extension.API, ExtensionRunner->inproc.Runner, ...)		no Go type named CustomEditor (N1, N2) and no documented rename
pkg:coding-agent/.#CustomEditorOptions	pkg:coding-agent/.#CustomEditorOptions	naming: Pi class/type name vs Go name (AgentSession->coding.Session, ExtensionAPI->extension.API, ExtensionRunner->inproc.Runner, ...)		no Go type named CustomEditorOptions (N1, N2) and no documented rename
pkg:coding-agent/.#CustomEntryDraft	pkg:coding-agent/.#CustomEntryDraft	naming/placement: several Go declarations match; choose the exported one [N5]		N5: the shape matches several Go declarations: internal/codingagent/session.go#CustomEntry, coding/extension/events.go#SessionBoundaryDraft, cmd/pig/rpc_types.go#RPCEntryAppendedEntry
pkg:coding-agent/.#CustomMessageEntryDraft	pkg:coding-agent/.#CustomMessageEntryDraft	naming/placement: several Go declarations match; choose the exported one [N5]		N5: the shape matches several Go declarations: internal/codingagent/session.go#CustomMessageEntry, coding/extension/events.go#SessionBoundaryDraft
pkg:coding-agent/.#DefaultPackageManager	pkg:coding-agent/.#DefaultPackageManager	naming: Pi class/type name vs Go name (AgentSession->coding.Session, ExtensionAPI->extension.API, ExtensionRunner->inproc.Runner, ...)		no Go type named DefaultPackageManager (N1, N2) and no documented rename
pkg:coding-agent/.#DefaultResourceLoader	pkg:coding-agent/.#DefaultResourceLoader::property:extendResources	PORT-NEEDED: DefaultResourceLoader.extendResources	coding/resource_loader.go#DefaultResourceLoader	no field or method for property extendResources in coding/resource_loader.go#DefaultResourceLoader (N1, N2, json tag)
pkg:coding-agent/.#DefaultResourceLoader	pkg:coding-agent/.#DefaultResourceLoader::property:extendResources::call:0	PORT-NEEDED: DefaultResourceLoader.extendResources	coding/resource_loader.go#DefaultResourceLoader	property has no Go member
pkg:coding-agent/.#DefaultResourceLoader	pkg:coding-agent/.#DefaultResourceLoader::property:getExtensions	PORT-NEEDED: DefaultResourceLoader.getExtensions	coding/resource_loader.go#DefaultResourceLoader	no field or method for property getExtensions in coding/resource_loader.go#DefaultResourceLoader (N1, N2, json tag)
pkg:coding-agent/.#DefaultResourceLoader	pkg:coding-agent/.#DefaultResourceLoader::property:getExtensions::call:0	PORT-NEEDED: DefaultResourceLoader.getExtensions	coding/resource_loader.go#DefaultResourceLoader	property has no Go member
pkg:coding-agent/.#DefaultResourceLoader	pkg:coding-agent/.#DefaultResourceLoader::property:getThemes	PORT-NEEDED: DefaultResourceLoader.getThemes	coding/resource_loader.go#DefaultResourceLoader	no field or method for property getThemes in coding/resource_loader.go#DefaultResourceLoader (N1, N2, json tag)
pkg:coding-agent/.#DefaultResourceLoader	pkg:coding-agent/.#DefaultResourceLoader::property:getThemes::call:0	PORT-NEEDED: DefaultResourceLoader.getThemes	coding/resource_loader.go#DefaultResourceLoader	property has no Go member
pkg:coding-agent/.#DefaultResourceLoader	pkg:coding-agent/.#DefaultResourceLoader::property:loadProjectTrustExtensions	PORT-NEEDED: DefaultResourceLoader.loadProjectTrustExtensions	coding/resource_loader.go#DefaultResourceLoader	no field or method for property loadProjectTrustExtensions in coding/resource_loader.go#DefaultResourceLoader (N1, N2, json tag)
pkg:coding-agent/.#DefaultResourceLoader	pkg:coding-agent/.#DefaultResourceLoader::property:loadProjectTrustExtensions::call:0	PORT-NEEDED: DefaultResourceLoader.loadProjectTrustExtensions	coding/resource_loader.go#DefaultResourceLoader	property has no Go member
pkg:coding-agent/.#DefaultResourceLoader	pkg:coding-agent/.#DefaultResourceLoader::property:reload::call:0	functions: parameter count differs (context.Context, option structs, injected process-global state) [S4]	coding/resource_loader.go#DefaultResourceLoader.Reload	S4: upstream takes 1 parameters, Go takes 0
pkg:coding-agent/.#DynamicBorder	pkg:coding-agent/.#DynamicBorder::construct:0	datashapes: type has no rule [undecidable]	tui/dynamic_border.go#NewDynamicBorder	"parameter color: T7: function type ""(str: string) => string"" against Go type string"
pkg:coding-agent/.#EditToolCallEvent	pkg:coding-agent/.#EditToolCallEvent::property:input	datashapes: named/branded/object-literal/alias type vs a differently named Go type [T12]	coding/extension/events.go#EditToolCallEvent.Input	"T12: object literal type ""{ path: string; edits: { oldText: string; newText:..."" against Go type extension.EditToolInput"
pkg:coding-agent/.#EditToolInput	pkg:coding-agent/.#EditToolInput	datashapes: named/branded/object-literal/alias type vs a differently named Go type [T9]	coding/extension/opaque_types.go#EditToolInput	T9: upstream type Static against Go type extension.EditToolInput
pkg:coding-agent/.#ExtensionAPI	pkg:coding-agent/.#ExtensionAPI::property:appendEntry	TEST-NEEDED: symbol has no test that names it	coding/extension/api.go#API.AppendEntry	no test references coding/extension/api.go#API.AppendEntry and no caller is reachable from cmd/pig
pkg:coding-agent/.#ExtensionAPI	pkg:coding-agent/.#ExtensionAPI::property:appendEntry::call:0	TEST-NEEDED: symbol has no test that names it	coding/extension/api.go#API.AppendEntry	no test references coding/extension/api.go#API.AppendEntry and no caller is reachable from cmd/pig
pkg:coding-agent/.#ExtensionAPI	pkg:coding-agent/.#ExtensionAPI::property:events	TEST-NEEDED: symbol has no test that names it	coding/extension/api.go#API.Events	no test references coding/extension/api.go#API.Events and no caller is reachable from cmd/pig
pkg:coding-agent/.#ExtensionAPI	pkg:coding-agent/.#ExtensionAPI::property:exec	TEST-NEEDED: symbol has no test that names it	coding/extension/api.go#API.Exec	no test references coding/extension/api.go#API.Exec and no caller is reachable from cmd/pig
pkg:coding-agent/.#ExtensionAPI	pkg:coding-agent/.#ExtensionAPI::property:exec::call:0	TEST-NEEDED: symbol has no test that names it	coding/extension/api.go#API.Exec	no test references coding/extension/api.go#API.Exec and no caller is reachable from cmd/pig
pkg:coding-agent/.#ExtensionAPI	pkg:coding-agent/.#ExtensionAPI::property:getActiveTools	TEST-NEEDED: symbol has no test that names it	coding/extension/api.go#API.GetActiveTools	no test references coding/extension/api.go#API.GetActiveTools and no caller is reachable from cmd/pig
pkg:coding-agent/.#ExtensionAPI	pkg:coding-agent/.#ExtensionAPI::property:getActiveTools::call:0	TEST-NEEDED: symbol has no test that names it	coding/extension/api.go#API.GetActiveTools	no test references coding/extension/api.go#API.GetActiveTools and no caller is reachable from cmd/pig
pkg:coding-agent/.#ExtensionAPI	pkg:coding-agent/.#ExtensionAPI::property:getAllTools	TEST-NEEDED: symbol has no test that names it	coding/extension/api.go#API.GetAllTools	no test references coding/extension/api.go#API.GetAllTools and no caller is reachable from cmd/pig
pkg:coding-agent/.#ExtensionAPI	pkg:coding-agent/.#ExtensionAPI::property:getAllTools::call:0	TEST-NEEDED: symbol has no test that names it	coding/extension/api.go#API.GetAllTools	no test references coding/extension/api.go#API.GetAllTools and no caller is reachable from cmd/pig
pkg:coding-agent/.#ExtensionAPI	pkg:coding-agent/.#ExtensionAPI::property:getCommands	TEST-NEEDED: symbol has no test that names it	coding/extension/api.go#API.GetCommands	no test references coding/extension/api.go#API.GetCommands and no caller is reachable from cmd/pig
pkg:coding-agent/.#ExtensionAPI	pkg:coding-agent/.#ExtensionAPI::property:getCommands::call:0	TEST-NEEDED: symbol has no test that names it	coding/extension/api.go#API.GetCommands	no test references coding/extension/api.go#API.GetCommands and no caller is reachable from cmd/pig
pkg:coding-agent/.#ExtensionAPI	pkg:coding-agent/.#ExtensionAPI::property:getFlag	TEST-NEEDED: symbol has no test that names it	coding/extension/api.go#API.GetFlag	no test references coding/extension/api.go#API.GetFlag and no caller is reachable from cmd/pig
pkg:coding-agent/.#ExtensionAPI	pkg:coding-agent/.#ExtensionAPI::property:getFlag::call:0	TEST-NEEDED: symbol has no test that names it	coding/extension/api.go#API.GetFlag	no test references coding/extension/api.go#API.GetFlag and no caller is reachable from cmd/pig
pkg:coding-agent/.#ExtensionAPI	pkg:coding-agent/.#ExtensionAPI::property:getMcpServers	TEST-NEEDED: symbol has no test that names it	coding/extension/api.go#API.GetMcpServers	no test references coding/extension/api.go#API.GetMcpServers and no caller is reachable from cmd/pig
pkg:coding-agent/.#ExtensionAPI	pkg:coding-agent/.#ExtensionAPI::property:getMcpServers::call:0	TEST-NEEDED: symbol has no test that names it	coding/extension/api.go#API.GetMcpServers	no test references coding/extension/api.go#API.GetMcpServers and no caller is reachable from cmd/pig
pkg:coding-agent/.#ExtensionAPI	pkg:coding-agent/.#ExtensionAPI::property:getSettings	TEST-NEEDED: symbol has no test that names it	coding/extension/api.go#API.GetSettings	no test references coding/extension/api.go#API.GetSettings and no caller is reachable from cmd/pig
pkg:coding-agent/.#ExtensionAPI	pkg:coding-agent/.#ExtensionAPI::property:getSettings::call:0	TEST-NEEDED: symbol has no test that names it	coding/extension/api.go#API.GetSettings	no test references coding/extension/api.go#API.GetSettings and no caller is reachable from cmd/pig
pkg:coding-agent/.#ExtensionAPI	pkg:coding-agent/.#ExtensionAPI::property:getThinkingLevel	TEST-NEEDED: symbol has no test that names it	coding/extension/api.go#API.GetThinkingLevel	no test references coding/extension/api.go#API.GetThinkingLevel and no caller is reachable from cmd/pig
pkg:coding-agent/.#ExtensionAPI	pkg:coding-agent/.#ExtensionAPI::property:getThinkingLevel::call:0	datashapes: type has no rule [signature-mismatch]	coding/extension/api.go#API.GetThinkingLevel	result: U1: the Go type interface{} is not a string or number type
pkg:coding-agent/.#ExtensionAPI	pkg:coding-agent/.#ExtensionAPI::property:on	PORT-NEEDED: ExtensionAPI.on	coding/extension/api.go#API	no field or method for property on in coding/extension/api.go#API (N1, N2, json tag)
pkg:coding-agent/.#ExtensionAPI	pkg:coding-agent/.#ExtensionAPI::property:on::call:after_provider_response	PORT-NEEDED: ExtensionAPI.on	coding/extension/api.go#API	property has no Go member
pkg:coding-agent/.#ExtensionAPI	pkg:coding-agent/.#ExtensionAPI::property:on::call:agent_before_settle	PORT-NEEDED: ExtensionAPI.on	coding/extension/api.go#API	property has no Go member
pkg:coding-agent/.#ExtensionAPI	pkg:coding-agent/.#ExtensionAPI::property:on::call:agent_end	PORT-NEEDED: ExtensionAPI.on	coding/extension/api.go#API	property has no Go member
pkg:coding-agent/.#ExtensionAPI	pkg:coding-agent/.#ExtensionAPI::property:on::call:agent_settled	PORT-NEEDED: ExtensionAPI.on	coding/extension/api.go#API	property has no Go member
pkg:coding-agent/.#ExtensionAPI	pkg:coding-agent/.#ExtensionAPI::property:on::call:agent_start	PORT-NEEDED: ExtensionAPI.on	coding/extension/api.go#API	property has no Go member
pkg:coding-agent/.#ExtensionAPI	pkg:coding-agent/.#ExtensionAPI::property:on::call:before_agent_start	PORT-NEEDED: ExtensionAPI.on	coding/extension/api.go#API	property has no Go member
pkg:coding-agent/.#ExtensionAPI	pkg:coding-agent/.#ExtensionAPI::property:on::call:before_provider_headers	PORT-NEEDED: ExtensionAPI.on	coding/extension/api.go#API	property has no Go member
pkg:coding-agent/.#ExtensionAPI	pkg:coding-agent/.#ExtensionAPI::property:on::call:before_provider_request	PORT-NEEDED: ExtensionAPI.on	coding/extension/api.go#API	property has no Go member
pkg:coding-agent/.#ExtensionAPI	pkg:coding-agent/.#ExtensionAPI::property:on::call:cache_warming_decision	PORT-NEEDED: ExtensionAPI.on	coding/extension/api.go#API	property has no Go member
pkg:coding-agent/.#ExtensionAPI	pkg:coding-agent/.#ExtensionAPI::property:on::call:context	PORT-NEEDED: ExtensionAPI.on	coding/extension/api.go#API	property has no Go member
pkg:coding-agent/.#ExtensionAPI	pkg:coding-agent/.#ExtensionAPI::property:on::call:context_with_system	PORT-NEEDED: ExtensionAPI.on	coding/extension/api.go#API	property has no Go member
pkg:coding-agent/.#ExtensionAPI	pkg:coding-agent/.#ExtensionAPI::property:on::call:input	PORT-NEEDED: ExtensionAPI.on	coding/extension/api.go#API	property has no Go member
pkg:coding-agent/.#ExtensionAPI	pkg:coding-agent/.#ExtensionAPI::property:on::call:mcp_servers_change	PORT-NEEDED: ExtensionAPI.on	coding/extension/api.go#API	property has no Go member
pkg:coding-agent/.#ExtensionAPI	pkg:coding-agent/.#ExtensionAPI::property:on::call:message_end	PORT-NEEDED: ExtensionAPI.on	coding/extension/api.go#API	property has no Go member
pkg:coding-agent/.#ExtensionAPI	pkg:coding-agent/.#ExtensionAPI::property:on::call:message_start	PORT-NEEDED: ExtensionAPI.on	coding/extension/api.go#API	property has no Go member
pkg:coding-agent/.#ExtensionAPI	pkg:coding-agent/.#ExtensionAPI::property:on::call:message_update	PORT-NEEDED: ExtensionAPI.on	coding/extension/api.go#API	property has no Go member
pkg:coding-agent/.#ExtensionAPI	pkg:coding-agent/.#ExtensionAPI::property:on::call:model_select	PORT-NEEDED: ExtensionAPI.on	coding/extension/api.go#API	property has no Go member
pkg:coding-agent/.#ExtensionAPI	pkg:coding-agent/.#ExtensionAPI::property:on::call:project_trust	PORT-NEEDED: ExtensionAPI.on	coding/extension/api.go#API	property has no Go member
pkg:coding-agent/.#ExtensionAPI	pkg:coding-agent/.#ExtensionAPI::property:on::call:provider_stream_event	PORT-NEEDED: ExtensionAPI.on	coding/extension/api.go#API	property has no Go member
pkg:coding-agent/.#ExtensionAPI	pkg:coding-agent/.#ExtensionAPI::property:on::call:resources_discover	PORT-NEEDED: ExtensionAPI.on	coding/extension/api.go#API	property has no Go member
pkg:coding-agent/.#ExtensionAPI	pkg:coding-agent/.#ExtensionAPI::property:on::call:session_before_compact	PORT-NEEDED: ExtensionAPI.on	coding/extension/api.go#API	property has no Go member
pkg:coding-agent/.#ExtensionAPI	pkg:coding-agent/.#ExtensionAPI::property:on::call:session_before_fork	PORT-NEEDED: ExtensionAPI.on	coding/extension/api.go#API	property has no Go member
pkg:coding-agent/.#ExtensionAPI	pkg:coding-agent/.#ExtensionAPI::property:on::call:session_before_switch	PORT-NEEDED: ExtensionAPI.on	coding/extension/api.go#API	property has no Go member
pkg:coding-agent/.#ExtensionAPI	pkg:coding-agent/.#ExtensionAPI::property:on::call:session_before_tree	PORT-NEEDED: ExtensionAPI.on	coding/extension/api.go#API	property has no Go member
pkg:coding-agent/.#ExtensionAPI	pkg:coding-agent/.#ExtensionAPI::property:on::call:session_compact	PORT-NEEDED: ExtensionAPI.on	coding/extension/api.go#API	property has no Go member
pkg:coding-agent/.#ExtensionAPI	pkg:coding-agent/.#ExtensionAPI::property:on::call:session_compact_failed	PORT-NEEDED: ExtensionAPI.on	coding/extension/api.go#API	property has no Go member
pkg:coding-agent/.#ExtensionAPI	pkg:coding-agent/.#ExtensionAPI::property:on::call:session_info_changed	PORT-NEEDED: ExtensionAPI.on	coding/extension/api.go#API	property has no Go member
pkg:coding-agent/.#ExtensionAPI	pkg:coding-agent/.#ExtensionAPI::property:on::call:session_shutdown	PORT-NEEDED: ExtensionAPI.on	coding/extension/api.go#API	property has no Go member
pkg:coding-agent/.#ExtensionAPI	pkg:coding-agent/.#ExtensionAPI::property:on::call:session_start	PORT-NEEDED: ExtensionAPI.on	coding/extension/api.go#API	property has no Go member
pkg:coding-agent/.#ExtensionAPI	pkg:coding-agent/.#ExtensionAPI::property:on::call:session_tree	PORT-NEEDED: ExtensionAPI.on	coding/extension/api.go#API	property has no Go member
pkg:coding-agent/.#ExtensionAPI	pkg:coding-agent/.#ExtensionAPI::property:on::call:thinking_level_select	PORT-NEEDED: ExtensionAPI.on	coding/extension/api.go#API	property has no Go member
pkg:coding-agent/.#ExtensionAPI	pkg:coding-agent/.#ExtensionAPI::property:on::call:tool_call	PORT-NEEDED: ExtensionAPI.on	coding/extension/api.go#API	property has no Go member
pkg:coding-agent/.#ExtensionAPI	pkg:coding-agent/.#ExtensionAPI::property:on::call:tool_execution_end	PORT-NEEDED: ExtensionAPI.on	coding/extension/api.go#API	property has no Go member
pkg:coding-agent/.#ExtensionAPI	pkg:coding-agent/.#ExtensionAPI::property:on::call:tool_execution_start	PORT-NEEDED: ExtensionAPI.on	coding/extension/api.go#API	property has no Go member
pkg:coding-agent/.#ExtensionAPI	pkg:coding-agent/.#ExtensionAPI::property:on::call:tool_execution_update	PORT-NEEDED: ExtensionAPI.on	coding/extension/api.go#API	property has no Go member
pkg:coding-agent/.#ExtensionAPI	pkg:coding-agent/.#ExtensionAPI::property:on::call:tool_result	PORT-NEEDED: ExtensionAPI.on	coding/extension/api.go#API	property has no Go member
pkg:coding-agent/.#ExtensionAPI	pkg:coding-agent/.#ExtensionAPI::property:on::call:turn_end	PORT-NEEDED: ExtensionAPI.on	coding/extension/api.go#API	property has no Go member
pkg:coding-agent/.#ExtensionAPI	pkg:coding-agent/.#ExtensionAPI::property:on::call:turn_start	PORT-NEEDED: ExtensionAPI.on	coding/extension/api.go#API	property has no Go member
pkg:coding-agent/.#ExtensionAPI	pkg:coding-agent/.#ExtensionAPI::property:on::call:ui_prompt_end	PORT-NEEDED: ExtensionAPI.on	coding/extension/api.go#API	property has no Go member
pkg:coding-agent/.#ExtensionAPI	pkg:coding-agent/.#ExtensionAPI::property:on::call:ui_prompt_start	PORT-NEEDED: ExtensionAPI.on	coding/extension/api.go#API	property has no Go member
pkg:coding-agent/.#ExtensionAPI	pkg:coding-agent/.#ExtensionAPI::property:on::call:user_bash	PORT-NEEDED: ExtensionAPI.on	coding/extension/api.go#API	property has no Go member
pkg:coding-agent/.#ExtensionAPI	pkg:coding-agent/.#ExtensionAPI::property:registerCommand	TEST-NEEDED: symbol has no test that names it	coding/extension/api.go#API.RegisterCommand	no test references coding/extension/api.go#API.RegisterCommand and no caller is reachable from cmd/pig
pkg:coding-agent/.#ExtensionAPI	pkg:coding-agent/.#ExtensionAPI::property:registerCommand::call:0	datashapes: type has no rule [undecidable]	coding/extension/api.go#API.RegisterCommand	parameter options: T9: upstream type RegisteredCommand against Go type extension.CommandOptions
pkg:coding-agent/.#ExtensionAPI	pkg:coding-agent/.#ExtensionAPI::property:registerEntryRenderer	TEST-NEEDED: symbol has no test that names it	coding/extension/api.go#API.RegisterEntryRenderer	no test references coding/extension/api.go#API.RegisterEntryRenderer and no caller is reachable from cmd/pig
pkg:coding-agent/.#ExtensionAPI	pkg:coding-agent/.#ExtensionAPI::property:registerEntryRenderer::call:0	TEST-NEEDED: symbol has no test that names it	coding/extension/api.go#API.RegisterEntryRenderer	no test references coding/extension/api.go#API.RegisterEntryRenderer and no caller is reachable from cmd/pig
pkg:coding-agent/.#ExtensionAPI	pkg:coding-agent/.#ExtensionAPI::property:registerFlag	TEST-NEEDED: symbol has no test that names it	coding/extension/api.go#API.RegisterFlag	no test references coding/extension/api.go#API.RegisterFlag and no caller is reachable from cmd/pig
pkg:coding-agent/.#ExtensionAPI	pkg:coding-agent/.#ExtensionAPI::property:registerFlag::call:0	TEST-NEEDED: symbol has no test that names it	coding/extension/api.go#API.RegisterFlag	no test references coding/extension/api.go#API.RegisterFlag and no caller is reachable from cmd/pig
pkg:coding-agent/.#ExtensionAPI	pkg:coding-agent/.#ExtensionAPI::property:registerMarkdownTransformer	TEST-NEEDED: symbol has no test that names it	coding/extension/api.go#API.RegisterMarkdownTransformer	no test references coding/extension/api.go#API.RegisterMarkdownTransformer and no caller is reachable from cmd/pig
pkg:coding-agent/.#ExtensionAPI	pkg:coding-agent/.#ExtensionAPI::property:registerMarkdownTransformer::call:0	TEST-NEEDED: symbol has no test that names it	coding/extension/api.go#API.RegisterMarkdownTransformer	no test references coding/extension/api.go#API.RegisterMarkdownTransformer and no caller is reachable from cmd/pig
pkg:coding-agent/.#ExtensionAPI	pkg:coding-agent/.#ExtensionAPI::property:registerMcpServer	TEST-NEEDED: symbol has no test that names it	coding/extension/api.go#API.RegisterMcpServer	no test references coding/extension/api.go#API.RegisterMcpServer and no caller is reachable from cmd/pig
pkg:coding-agent/.#ExtensionAPI	pkg:coding-agent/.#ExtensionAPI::property:registerMcpServer::call:0	TEST-NEEDED: symbol has no test that names it	coding/extension/api.go#API.RegisterMcpServer	no test references coding/extension/api.go#API.RegisterMcpServer and no caller is reachable from cmd/pig
pkg:coding-agent/.#ExtensionAPI	pkg:coding-agent/.#ExtensionAPI::property:registerMessageRenderer	TEST-NEEDED: symbol has no test that names it	coding/extension/api.go#API.RegisterMessageRenderer	no test references coding/extension/api.go#API.RegisterMessageRenderer and no caller is reachable from cmd/pig
pkg:coding-agent/.#ExtensionAPI	pkg:coding-agent/.#ExtensionAPI::property:registerMessageRenderer::call:0	TEST-NEEDED: symbol has no test that names it	coding/extension/api.go#API.RegisterMessageRenderer	no test references coding/extension/api.go#API.RegisterMessageRenderer and no caller is reachable from cmd/pig
pkg:coding-agent/.#ExtensionAPI	pkg:coding-agent/.#ExtensionAPI::property:registerProvider	TEST-NEEDED: symbol has no test that names it	coding/extension/api.go#API.RegisterProvider	no test references coding/extension/api.go#API.RegisterProvider and no caller is reachable from cmd/pig
pkg:coding-agent/.#ExtensionAPI	pkg:coding-agent/.#ExtensionAPI::property:registerProvider::call:0	functions: parameter count differs (context.Context, option structs, injected process-global state) [S4]	coding/extension/api.go#API.RegisterProvider	S4: upstream takes 1 parameters, Go takes 2
pkg:coding-agent/.#ExtensionAPI	pkg:coding-agent/.#ExtensionAPI::property:registerProvider::call:1	TEST-NEEDED: symbol has no test that names it	coding/extension/api.go#API.RegisterProvider	no test references coding/extension/api.go#API.RegisterProvider and no caller is reachable from cmd/pig
pkg:coding-agent/.#ExtensionAPI	pkg:coding-agent/.#ExtensionAPI::property:registerShortcut	TEST-NEEDED: symbol has no test that names it	coding/extension/api.go#API.RegisterShortcut	no test references coding/extension/api.go#API.RegisterShortcut and no caller is reachable from cmd/pig
pkg:coding-agent/.#ExtensionAPI	pkg:coding-agent/.#ExtensionAPI::property:registerShortcut::call:0	datashapes: type has no rule [signature-mismatch]	coding/extension/api.go#API.RegisterShortcut	parameter options: S4: upstream takes 1 parameters, Go takes 0
pkg:coding-agent/.#ExtensionAPI	pkg:coding-agent/.#ExtensionAPI::property:registerTool	TEST-NEEDED: symbol has no test that names it	coding/extension/api.go#API.RegisterTool	no test references coding/extension/api.go#API.RegisterTool and no caller is reachable from cmd/pig
pkg:coding-agent/.#ExtensionAPI	pkg:coding-agent/.#ExtensionAPI::property:registerTool::call:0	TEST-NEEDED: symbol has no test that names it	coding/extension/api.go#API.RegisterTool	no test references coding/extension/api.go#API.RegisterTool and no caller is reachable from cmd/pig
pkg:coding-agent/.#ExtensionAPI	pkg:coding-agent/.#ExtensionAPI::property:registerToolRenderer	TEST-NEEDED: symbol has no test that names it	coding/extension/api.go#API.RegisterToolRenderer	no test references coding/extension/api.go#API.RegisterToolRenderer and no caller is reachable from cmd/pig
pkg:coding-agent/.#ExtensionAPI	pkg:coding-agent/.#ExtensionAPI::property:registerToolRenderer::call:0	TEST-NEEDED: symbol has no test that names it	coding/extension/api.go#API.RegisterToolRenderer	no test references coding/extension/api.go#API.RegisterToolRenderer and no caller is reachable from cmd/pig
pkg:coding-agent/.#ExtensionAPI	pkg:coding-agent/.#ExtensionAPI::property:registerVirtualModel	TEST-NEEDED: symbol has no test that names it	coding/extension/api.go#API.RegisterVirtualModel	no test references coding/extension/api.go#API.RegisterVirtualModel and no caller is reachable from cmd/pig
pkg:coding-agent/.#ExtensionAPI	pkg:coding-agent/.#ExtensionAPI::property:registerVirtualModel::call:0	TEST-NEEDED: symbol has no test that names it	coding/extension/api.go#API.RegisterVirtualModel	no test references coding/extension/api.go#API.RegisterVirtualModel and no caller is reachable from cmd/pig
pkg:coding-agent/.#ExtensionAPI	pkg:coding-agent/.#ExtensionAPI::property:sendMessage	TEST-NEEDED: symbol has no test that names it	coding/extension/api.go#API.SendMessage	no test references coding/extension/api.go#API.SendMessage and no caller is reachable from cmd/pig
pkg:coding-agent/.#ExtensionAPI	pkg:coding-agent/.#ExtensionAPI::property:sendMessage::call:0	datashapes: type has no rule [undecidable]	coding/extension/api.go#API.SendMessage	parameter message: T9: upstream type CustomMessage against Go type extension.SendMessagePayload
pkg:coding-agent/.#ExtensionAPI	pkg:coding-agent/.#ExtensionAPI::property:sendUserMessage	TEST-NEEDED: symbol has no test that names it	coding/extension/api.go#API.SendUserMessage	no test references coding/extension/api.go#API.SendUserMessage and no caller is reachable from cmd/pig
pkg:coding-agent/.#ExtensionAPI	pkg:coding-agent/.#ExtensionAPI::property:sendUserMessage::call:0	TEST-NEEDED: symbol has no test that names it	coding/extension/api.go#API.SendUserMessage	no test references coding/extension/api.go#API.SendUserMessage and no caller is reachable from cmd/pig
pkg:coding-agent/.#ExtensionAPI	pkg:coding-agent/.#ExtensionAPI::property:setActiveTools	TEST-NEEDED: symbol has no test that names it	coding/extension/api.go#API.SetActiveTools	no test references coding/extension/api.go#API.SetActiveTools and no caller is reachable from cmd/pig
pkg:coding-agent/.#ExtensionAPI	pkg:coding-agent/.#ExtensionAPI::property:setActiveTools::call:0	TEST-NEEDED: symbol has no test that names it	coding/extension/api.go#API.SetActiveTools	no test references coding/extension/api.go#API.SetActiveTools and no caller is reachable from cmd/pig
pkg:coding-agent/.#ExtensionAPI	pkg:coding-agent/.#ExtensionAPI::property:setLabel	TEST-NEEDED: symbol has no test that names it	coding/extension/api.go#API.SetLabel	no test references coding/extension/api.go#API.SetLabel and no caller is reachable from cmd/pig
pkg:coding-agent/.#ExtensionAPI	pkg:coding-agent/.#ExtensionAPI::property:setLabel::call:0	TEST-NEEDED: symbol has no test that names it	coding/extension/api.go#API.SetLabel	no test references coding/extension/api.go#API.SetLabel and no caller is reachable from cmd/pig
pkg:coding-agent/.#ExtensionAPI	pkg:coding-agent/.#ExtensionAPI::property:setModel	TEST-NEEDED: symbol has no test that names it	coding/extension/api.go#API.SetModel	no test references coding/extension/api.go#API.SetModel and no caller is reachable from cmd/pig
pkg:coding-agent/.#ExtensionAPI	pkg:coding-agent/.#ExtensionAPI::property:setModel::call:0	TEST-NEEDED: symbol has no test that names it	coding/extension/api.go#API.SetModel	no test references coding/extension/api.go#API.SetModel and no caller is reachable from cmd/pig
pkg:coding-agent/.#ExtensionAPI	pkg:coding-agent/.#ExtensionAPI::property:setThinkingLevel	TEST-NEEDED: symbol has no test that names it	coding/extension/api.go#API.SetThinkingLevel	no test references coding/extension/api.go#API.SetThinkingLevel and no caller is reachable from cmd/pig
pkg:coding-agent/.#ExtensionAPI	pkg:coding-agent/.#ExtensionAPI::property:setThinkingLevel::call:0	datashapes: type has no rule [signature-mismatch]	coding/extension/api.go#API.SetThinkingLevel	parameter level: U1: the Go type interface{} is not a string or number type
pkg:coding-agent/.#ExtensionAPI	pkg:coding-agent/.#ExtensionAPI::property:unregisterMcpServer	TEST-NEEDED: symbol has no test that names it	coding/extension/api.go#API.UnregisterMcpServer	no test references coding/extension/api.go#API.UnregisterMcpServer and no caller is reachable from cmd/pig
pkg:coding-agent/.#ExtensionAPI	pkg:coding-agent/.#ExtensionAPI::property:unregisterMcpServer::call:0	TEST-NEEDED: symbol has no test that names it	coding/extension/api.go#API.UnregisterMcpServer	no test references coding/extension/api.go#API.UnregisterMcpServer and no caller is reachable from cmd/pig
pkg:coding-agent/.#ExtensionAPI	pkg:coding-agent/.#ExtensionAPI::property:unregisterProvider	TEST-NEEDED: symbol has no test that names it	coding/extension/api.go#API.UnregisterProvider	no test references coding/extension/api.go#API.UnregisterProvider and no caller is reachable from cmd/pig
pkg:coding-agent/.#ExtensionAPI	pkg:coding-agent/.#ExtensionAPI::property:unregisterProvider::call:0	TEST-NEEDED: symbol has no test that names it	coding/extension/api.go#API.UnregisterProvider	no test references coding/extension/api.go#API.UnregisterProvider and no caller is reachable from cmd/pig
pkg:coding-agent/.#ExtensionAPI	pkg:coding-agent/.#ExtensionAPI::property:unregisterVirtualModel	TEST-NEEDED: symbol has no test that names it	coding/extension/api.go#API.UnregisterVirtualModel	no test references coding/extension/api.go#API.UnregisterVirtualModel and no caller is reachable from cmd/pig
pkg:coding-agent/.#ExtensionAPI	pkg:coding-agent/.#ExtensionAPI::property:unregisterVirtualModel::call:0	TEST-NEEDED: symbol has no test that names it	coding/extension/api.go#API.UnregisterVirtualModel	no test references coding/extension/api.go#API.UnregisterVirtualModel and no caller is reachable from cmd/pig
pkg:coding-agent/.#ExtensionActions	pkg:coding-agent/.#ExtensionActions::property:getCommands	TEST-NEEDED: symbol has no test that names it	coding/extension/host_actions.go#ExtensionActions.GetCommands	no test references coding/extension/host_actions.go#ExtensionActions.GetCommands and no caller is reachable from cmd/pig
pkg:coding-agent/.#ExtensionActions	pkg:coding-agent/.#ExtensionActions::property:getCommands::call:0	TEST-NEEDED: symbol has no test that names it	coding/extension/host_actions.go#ExtensionActions.GetCommands	no test references coding/extension/host_actions.go#ExtensionActions.GetCommands and no caller is reachable from cmd/pig
pkg:coding-agent/.#ExtensionActions	pkg:coding-agent/.#ExtensionActions::property:getThinkingLevel	TEST-NEEDED: symbol has no test that names it	coding/extension/host_actions.go#ExtensionActions.GetThinkingLevel	no test references coding/extension/host_actions.go#ExtensionActions.GetThinkingLevel and no caller is reachable from cmd/pig
pkg:coding-agent/.#ExtensionActions	pkg:coding-agent/.#ExtensionActions::property:getThinkingLevel::call:0	datashapes: type has no rule [signature-mismatch]	coding/extension/host_actions.go#ExtensionActions.GetThinkingLevel	result: U1: the Go type interface{} is not a string or number type
pkg:coding-agent/.#ExtensionActions	pkg:coding-agent/.#ExtensionActions::property:sendMessage::call:0	datashapes: type has no rule [undecidable]	coding/extension/host_actions.go#ExtensionActions.SendMessage	parameter message: T9: upstream type CustomMessage against Go type extension.CustomMessageRef
pkg:coding-agent/.#ExtensionActions	pkg:coding-agent/.#ExtensionActions::property:setLabel	TEST-NEEDED: symbol has no test that names it	coding/extension/host_actions.go#ExtensionActions.SetLabel	no test references coding/extension/host_actions.go#ExtensionActions.SetLabel and no caller is reachable from cmd/pig
pkg:coding-agent/.#ExtensionActions	pkg:coding-agent/.#ExtensionActions::property:setLabel::call:0	TEST-NEEDED: symbol has no test that names it	coding/extension/host_actions.go#ExtensionActions.SetLabel	no test references coding/extension/host_actions.go#ExtensionActions.SetLabel and no caller is reachable from cmd/pig
pkg:coding-agent/.#ExtensionActions	pkg:coding-agent/.#ExtensionActions::property:setModel	TEST-NEEDED: symbol has no test that names it	coding/extension/host_actions.go#ExtensionActions.SetModel	no test references coding/extension/host_actions.go#ExtensionActions.SetModel and no caller is reachable from cmd/pig
pkg:coding-agent/.#ExtensionActions	pkg:coding-agent/.#ExtensionActions::property:setModel::call:0	TEST-NEEDED: symbol has no test that names it	coding/extension/host_actions.go#ExtensionActions.SetModel	no test references coding/extension/host_actions.go#ExtensionActions.SetModel and no caller is reachable from cmd/pig
pkg:coding-agent/.#ExtensionActions	pkg:coding-agent/.#ExtensionActions::property:setThinkingLevel	TEST-NEEDED: symbol has no test that names it	coding/extension/host_actions.go#ExtensionActions.SetThinkingLevel	no test references coding/extension/host_actions.go#ExtensionActions.SetThinkingLevel and no caller is reachable from cmd/pig
pkg:coding-agent/.#ExtensionActions	pkg:coding-agent/.#ExtensionActions::property:setThinkingLevel::call:0	datashapes: type has no rule [signature-mismatch]	coding/extension/host_actions.go#ExtensionActions.SetThinkingLevel	parameter level: U1: the Go type interface{} is not a string or number type
pkg:coding-agent/.#ExtensionCommandContext	pkg:coding-agent/.#ExtensionCommandContext::property:sessionManager	datashapes: named/branded/object-literal/alias type vs a differently named Go type [T9]	coding/extension/context.go#Context.SessionManager	T9: upstream type ReadonlySessionManager against Go type extension.SessionManager
pkg:coding-agent/.#ExtensionCommandContext	pkg:coding-agent/.#ExtensionCommandContext::property:thinkingLevel	PORT-NEEDED: ExtensionCommandContext.thinkingLevel	coding/extension/context.go#CommandContext	no field or method for property thinkingLevel in coding/extension/context.go#CommandContext (N1, N2, json tag)
pkg:coding-agent/.#ExtensionCommandContextActions	pkg:coding-agent/.#ExtensionCommandContextActions	naming/placement: several Go declarations match; choose the exported one [N5]		N5: the shape matches several Go declarations: coding/extension/context_actions.go#CommandActions, coding/extension/context.go#CommandContext, coding/extension/replaced_session_context.go#ReplacedSessionContext, coding/extension/host/subprocess/ui_bridge.go#HostCallbacks
pkg:coding-agent/.#ExtensionContext	pkg:coding-agent/.#ExtensionContext::property:sessionManager	datashapes: named/branded/object-literal/alias type vs a differently named Go type [T9]	coding/extension/context.go#Context.SessionManager	T9: upstream type ReadonlySessionManager against Go type extension.SessionManager
pkg:coding-agent/.#ExtensionContext	pkg:coding-agent/.#ExtensionContext::property:thinkingLevel	PORT-NEEDED: ExtensionContext.thinkingLevel	coding/extension/context.go#Context	no field or method for property thinkingLevel in coding/extension/context.go#Context (N1, N2, json tag)
pkg:coding-agent/.#ExtensionEditorComponent	pkg:coding-agent/.#ExtensionEditorComponent::construct:0	functions: parameter count differs (context.Context, option structs, injected process-global state) [S4]	tui/extension_editor.go#NewExtensionEditorComponent	S4: upstream takes 8 parameters, Go takes 2
pkg:coding-agent/.#ExtensionEditorComponent	pkg:coding-agent/.#ExtensionEditorComponent::property:focused	inheritance: member promoted from the embedded Container/Box/Focusable or Go naming (render->Render, invalidate->Invalidate, getXList->List, dispose, focused field)	tui/extension_editor.go#ExtensionEditorComponent	no field or method for property focused in tui/extension_editor.go#ExtensionEditorComponent (N1, N2, json tag)
pkg:coding-agent/.#ExtensionEditorComponent	pkg:coding-agent/.#ExtensionEditorComponent::property:handleInput	behaviour contract: handleInput state-transition contract (behavior-contracts.toml) [B1]	tui/extension_editor.go#ExtensionEditorComponent	B1: handleInput needs a state-transition contract in test/parity/behavior-contracts.toml
pkg:coding-agent/.#ExtensionEvent	pkg:coding-agent/.#ExtensionEvent	naming: Pi class/type name vs Go name (AgentSession->coding.Session, ExtensionAPI->extension.API, ExtensionRunner->inproc.Runner, ...)		no Go type named ExtensionEvent (N1, N2) and no documented rename
pkg:coding-agent/.#ExtensionFactory	pkg:coding-agent/.#ExtensionFactory	naming: Pi class/type name vs Go name (AgentSession->coding.Session, ExtensionAPI->extension.API, ExtensionRunner->inproc.Runner, ...)		no Go type named ExtensionFactory (N1, N2) and no documented rename
pkg:coding-agent/.#ExtensionHandler	pkg:coding-agent/.#ExtensionHandler	naming: Pi class/type name vs Go name (AgentSession->coding.Session, ExtensionAPI->extension.API, ExtensionRunner->inproc.Runner, ...)		no Go type named ExtensionHandler (N1, N2) and no documented rename
pkg:coding-agent/.#ExtensionInputComponent	pkg:coding-agent/.#ExtensionInputComponent::construct:0	functions: parameter count differs (context.Context, option structs, injected process-global state) [S4]	tui/extension_input.go#NewExtensionInputComponent	S4: upstream takes 5 parameters, Go takes 2
pkg:coding-agent/.#ExtensionInputComponent	pkg:coding-agent/.#ExtensionInputComponent::property:dispose	inheritance: member promoted from the embedded Container/Box/Focusable or Go naming (render->Render, invalidate->Invalidate, getXList->List, dispose, focused field)	tui/extension_input.go#ExtensionInputComponent	no field or method for property dispose in tui/extension_input.go#ExtensionInputComponent (N1, N2, json tag)
pkg:coding-agent/.#ExtensionInputComponent	pkg:coding-agent/.#ExtensionInputComponent::property:dispose::call:0	inheritance: member promoted from the embedded Container/Box/Focusable or Go naming (render->Render, invalidate->Invalidate, getXList->List, dispose, focused field)	tui/extension_input.go#ExtensionInputComponent	property has no Go member
pkg:coding-agent/.#ExtensionInputComponent	pkg:coding-agent/.#ExtensionInputComponent::property:focused	inheritance: member promoted from the embedded Container/Box/Focusable or Go naming (render->Render, invalidate->Invalidate, getXList->List, dispose, focused field)	tui/extension_input.go#ExtensionInputComponent	no field or method for property focused in tui/extension_input.go#ExtensionInputComponent (N1, N2, json tag)
pkg:coding-agent/.#ExtensionInputComponent	pkg:coding-agent/.#ExtensionInputComponent::property:handleInput	behaviour contract: handleInput state-transition contract (behavior-contracts.toml) [B1]	tui/extension_input.go#ExtensionInputComponent	B1: handleInput needs a state-transition contract in test/parity/behavior-contracts.toml
pkg:coding-agent/.#ExtensionRunner	pkg:coding-agent/.#ExtensionRunner::construct:0	unions/options: union, boolean, record or options-object shape vs Go representation [S3]	coding/extension/host/inproc/runner.go#NewRunner	S3: required upstream parameter cwd lands in a Go variadic tail
pkg:coding-agent/.#ExtensionRunner	pkg:coding-agent/.#ExtensionRunner::property:bindCommandContext::call:0	datashapes: type has no rule [undecidable]	coding/extension/host/inproc/runner.go#Runner.BindCommandActions	parameter actions: T9: upstream type ExtensionCommandContextActions against Go type extension.CommandActions
pkg:coding-agent/.#ExtensionRunner	pkg:coding-agent/.#ExtensionRunner::property:bindCore::call:0	datashapes: type has no rule [signature-mismatch]	coding/extension/host/inproc/runner.go#Runner.BindCore	parameter providerActions: T12: Go struct extension.ProviderActions has no field for registerNativeProvider
pkg:coding-agent/.#ExtensionRunner	pkg:coding-agent/.#ExtensionRunner::property:createContext	PORT-NEEDED: ExtensionRunner.createContext	coding/extension/host/inproc/runner.go#Runner	no field or method for property createContext in coding/extension/host/inproc/runner.go#Runner (N1, N2, json tag)
pkg:coding-agent/.#ExtensionRunner	pkg:coding-agent/.#ExtensionRunner::property:createContext::call:0	PORT-NEEDED: ExtensionRunner.createContext	coding/extension/host/inproc/runner.go#Runner	property has no Go member
pkg:coding-agent/.#ExtensionRunner	pkg:coding-agent/.#ExtensionRunner::property:createToolContext::call:0	datashapes: type has no rule [undecidable]	coding/extension/host/inproc/tool_context.go#Runner.CreateToolContext	result: T9: upstream type ExtensionToolContext against Go type context.Context
pkg:coding-agent/.#ExtensionRunner	pkg:coding-agent/.#ExtensionRunner::property:emit::call:0	datashapes: type has no rule [undecidable]	coding/extension/host/inproc/runner.go#Runner.Emit	result: T9: upstream type RunnerEmitResult against Go type any
pkg:coding-agent/.#ExtensionRunner	pkg:coding-agent/.#ExtensionRunner::property:emitBeforeAgentStart::call:0	functions: parameter count differs (context.Context, option structs, injected process-global state) [S4]	coding/extension/host/inproc/runner.go#Runner.EmitBeforeAgentStart	S4: upstream takes 3 parameters, Go takes 4
pkg:coding-agent/.#ExtensionRunner	pkg:coding-agent/.#ExtensionRunner::property:emitMessageEnd::call:0	datashapes: type has no rule [undecidable]	coding/extension/host/inproc/runner.go#Runner.EmitMessageEnd	parameter event: T9: upstream type MessageEndEvent against Go type extension.AgentMessage
pkg:coding-agent/.#ExtensionRunner	pkg:coding-agent/.#ExtensionRunner::property:getActiveTools	PORT-NEEDED: ExtensionRunner.getActiveTools	coding/extension/host/inproc/runner.go#Runner	no field or method for property getActiveTools in coding/extension/host/inproc/runner.go#Runner (N1, N2, json tag)
pkg:coding-agent/.#ExtensionRunner	pkg:coding-agent/.#ExtensionRunner::property:getActiveTools::call:0	PORT-NEEDED: ExtensionRunner.getActiveTools	coding/extension/host/inproc/runner.go#Runner	property has no Go member
pkg:coding-agent/.#ExtensionRunner	pkg:coding-agent/.#ExtensionRunner::property:getModelRegistry	PORT-NEEDED: ExtensionRunner.getModelRegistry	coding/extension/host/inproc/runner.go#Runner	no field or method for property getModelRegistry in coding/extension/host/inproc/runner.go#Runner (N1, N2, json tag)
pkg:coding-agent/.#ExtensionRunner	pkg:coding-agent/.#ExtensionRunner::property:getModelRegistry::call:0	PORT-NEEDED: ExtensionRunner.getModelRegistry	coding/extension/host/inproc/runner.go#Runner	property has no Go member
pkg:coding-agent/.#ExtensionRunner	pkg:coding-agent/.#ExtensionRunner::property:onError::call:0	datashapes: type has no rule [undecidable]	coding/extension/host/inproc/runner.go#Runner.AddErrorListener	parameter listener: T9: upstream type ExtensionErrorListener against Go type extension.ErrorListener
pkg:coding-agent/.#ExtensionRuntime	pkg:coding-agent/.#ExtensionRuntime::property:appendEntry	PORT-NEEDED: ExtensionRuntime.appendEntry	coding/extension/provider_runtime.go#ExtensionRuntime	no field or method for property appendEntry in coding/extension/provider_runtime.go#ExtensionRuntime (N1, N2, json tag)
pkg:coding-agent/.#ExtensionRuntime	pkg:coding-agent/.#ExtensionRuntime::property:appendEntry::call:0	PORT-NEEDED: ExtensionRuntime.appendEntry	coding/extension/provider_runtime.go#ExtensionRuntime	property has no Go member
pkg:coding-agent/.#ExtensionRuntime	pkg:coding-agent/.#ExtensionRuntime::property:assertActive	PORT-NEEDED: ExtensionRuntime.assertActive	coding/extension/provider_runtime.go#ExtensionRuntime	no field or method for property assertActive in coding/extension/provider_runtime.go#ExtensionRuntime (N1, N2, json tag)
pkg:coding-agent/.#ExtensionRuntime	pkg:coding-agent/.#ExtensionRuntime::property:assertActive::call:0	PORT-NEEDED: ExtensionRuntime.assertActive	coding/extension/provider_runtime.go#ExtensionRuntime	property has no Go member
pkg:coding-agent/.#ExtensionRuntime	pkg:coding-agent/.#ExtensionRuntime::property:flagValues	PORT-NEEDED: ExtensionRuntime.flagValues	coding/extension/provider_runtime.go#ExtensionRuntime	no field or method for property flagValues in coding/extension/provider_runtime.go#ExtensionRuntime (N1, N2, json tag)
pkg:coding-agent/.#ExtensionRuntime	pkg:coding-agent/.#ExtensionRuntime::property:getActiveTools	PORT-NEEDED: ExtensionRuntime.getActiveTools	coding/extension/provider_runtime.go#ExtensionRuntime	no field or method for property getActiveTools in coding/extension/provider_runtime.go#ExtensionRuntime (N1, N2, json tag)
pkg:coding-agent/.#ExtensionRuntime	pkg:coding-agent/.#ExtensionRuntime::property:getActiveTools::call:0	PORT-NEEDED: ExtensionRuntime.getActiveTools	coding/extension/provider_runtime.go#ExtensionRuntime	property has no Go member
pkg:coding-agent/.#ExtensionRuntime	pkg:coding-agent/.#ExtensionRuntime::property:getAllTools	PORT-NEEDED: ExtensionRuntime.getAllTools	coding/extension/provider_runtime.go#ExtensionRuntime	no field or method for property getAllTools in coding/extension/provider_runtime.go#ExtensionRuntime (N1, N2, json tag)
pkg:coding-agent/.#ExtensionRuntime	pkg:coding-agent/.#ExtensionRuntime::property:getAllTools::call:0	PORT-NEEDED: ExtensionRuntime.getAllTools	coding/extension/provider_runtime.go#ExtensionRuntime	property has no Go member
pkg:coding-agent/.#ExtensionRuntime	pkg:coding-agent/.#ExtensionRuntime::property:getCommands	PORT-NEEDED: ExtensionRuntime.getCommands	coding/extension/provider_runtime.go#ExtensionRuntime	no field or method for property getCommands in coding/extension/provider_runtime.go#ExtensionRuntime (N1, N2, json tag)
pkg:coding-agent/.#ExtensionRuntime	pkg:coding-agent/.#ExtensionRuntime::property:getCommands::call:0	PORT-NEEDED: ExtensionRuntime.getCommands	coding/extension/provider_runtime.go#ExtensionRuntime	property has no Go member
pkg:coding-agent/.#ExtensionRuntime	pkg:coding-agent/.#ExtensionRuntime::property:getSessionName	PORT-NEEDED: ExtensionRuntime.getSessionName	coding/extension/provider_runtime.go#ExtensionRuntime	no field or method for property getSessionName in coding/extension/provider_runtime.go#ExtensionRuntime (N1, N2, json tag)
pkg:coding-agent/.#ExtensionRuntime	pkg:coding-agent/.#ExtensionRuntime::property:getSessionName::call:0	PORT-NEEDED: ExtensionRuntime.getSessionName	coding/extension/provider_runtime.go#ExtensionRuntime	property has no Go member
pkg:coding-agent/.#ExtensionRuntime	pkg:coding-agent/.#ExtensionRuntime::property:getSettings	PORT-NEEDED: ExtensionRuntime.getSettings	coding/extension/provider_runtime.go#ExtensionRuntime	no field or method for property getSettings in coding/extension/provider_runtime.go#ExtensionRuntime (N1, N2, json tag)
pkg:coding-agent/.#ExtensionRuntime	pkg:coding-agent/.#ExtensionRuntime::property:getSettings::call:0	PORT-NEEDED: ExtensionRuntime.getSettings	coding/extension/provider_runtime.go#ExtensionRuntime	property has no Go member
pkg:coding-agent/.#ExtensionRuntime	pkg:coding-agent/.#ExtensionRuntime::property:getThinkingLevel	PORT-NEEDED: ExtensionRuntime.getThinkingLevel	coding/extension/provider_runtime.go#ExtensionRuntime	no field or method for property getThinkingLevel in coding/extension/provider_runtime.go#ExtensionRuntime (N1, N2, json tag)
pkg:coding-agent/.#ExtensionRuntime	pkg:coding-agent/.#ExtensionRuntime::property:getThinkingLevel::call:0	PORT-NEEDED: ExtensionRuntime.getThinkingLevel	coding/extension/provider_runtime.go#ExtensionRuntime	property has no Go member
pkg:coding-agent/.#ExtensionRuntime	pkg:coding-agent/.#ExtensionRuntime::property:invalidate	PORT-NEEDED: ExtensionRuntime.invalidate	coding/extension/provider_runtime.go#ExtensionRuntime	no field or method for property invalidate in coding/extension/provider_runtime.go#ExtensionRuntime (N1, N2, json tag)
pkg:coding-agent/.#ExtensionRuntime	pkg:coding-agent/.#ExtensionRuntime::property:invalidate::call:0	PORT-NEEDED: ExtensionRuntime.invalidate	coding/extension/provider_runtime.go#ExtensionRuntime	property has no Go member
pkg:coding-agent/.#ExtensionRuntime	pkg:coding-agent/.#ExtensionRuntime::property:mcpServers	datashapes: named/branded/object-literal/alias type vs a differently named Go type [T9]	coding/extension/runtime_registrations.go#ExtensionRuntime.McpServers	T9: upstream type McpServerRegistry against Go type []extension.RegisteredMcpServer
pkg:coding-agent/.#ExtensionRuntime	pkg:coding-agent/.#ExtensionRuntime::property:pendingNativeProviderRegistrations	PORT-NEEDED: ExtensionRuntime.pendingNativeProviderRegistrations	coding/extension/provider_runtime.go#ExtensionRuntime	no field or method for property pendingNativeProviderRegistrations in coding/extension/provider_runtime.go#ExtensionRuntime (N1, N2, json tag)
pkg:coding-agent/.#ExtensionRuntime	pkg:coding-agent/.#ExtensionRuntime::property:refreshTools	PORT-NEEDED: ExtensionRuntime.refreshTools	coding/extension/provider_runtime.go#ExtensionRuntime	no field or method for property refreshTools in coding/extension/provider_runtime.go#ExtensionRuntime (N1, N2, json tag)
pkg:coding-agent/.#ExtensionRuntime	pkg:coding-agent/.#ExtensionRuntime::property:refreshTools::call:0	PORT-NEEDED: ExtensionRuntime.refreshTools	coding/extension/provider_runtime.go#ExtensionRuntime	property has no Go member
pkg:coding-agent/.#ExtensionRuntime	pkg:coding-agent/.#ExtensionRuntime::property:registerNativeProvider	PORT-NEEDED: ExtensionRuntime.registerNativeProvider	coding/extension/provider_runtime.go#ExtensionRuntime	no field or method for property registerNativeProvider in coding/extension/provider_runtime.go#ExtensionRuntime (N1, N2, json tag)
pkg:coding-agent/.#ExtensionRuntime	pkg:coding-agent/.#ExtensionRuntime::property:registerNativeProvider::call:0	PORT-NEEDED: ExtensionRuntime.registerNativeProvider	coding/extension/provider_runtime.go#ExtensionRuntime	property has no Go member
pkg:coding-agent/.#ExtensionRuntime	pkg:coding-agent/.#ExtensionRuntime::property:sendMessage	PORT-NEEDED: ExtensionRuntime.sendMessage	coding/extension/provider_runtime.go#ExtensionRuntime	no field or method for property sendMessage in coding/extension/provider_runtime.go#ExtensionRuntime (N1, N2, json tag)
pkg:coding-agent/.#ExtensionRuntime	pkg:coding-agent/.#ExtensionRuntime::property:sendMessage::call:0	PORT-NEEDED: ExtensionRuntime.sendMessage	coding/extension/provider_runtime.go#ExtensionRuntime	property has no Go member
pkg:coding-agent/.#ExtensionRuntime	pkg:coding-agent/.#ExtensionRuntime::property:sendUserMessage	PORT-NEEDED: ExtensionRuntime.sendUserMessage	coding/extension/provider_runtime.go#ExtensionRuntime	no field or method for property sendUserMessage in coding/extension/provider_runtime.go#ExtensionRuntime (N1, N2, json tag)
pkg:coding-agent/.#ExtensionRuntime	pkg:coding-agent/.#ExtensionRuntime::property:sendUserMessage::call:0	PORT-NEEDED: ExtensionRuntime.sendUserMessage	coding/extension/provider_runtime.go#ExtensionRuntime	property has no Go member
pkg:coding-agent/.#ExtensionRuntime	pkg:coding-agent/.#ExtensionRuntime::property:setActiveTools	PORT-NEEDED: ExtensionRuntime.setActiveTools	coding/extension/provider_runtime.go#ExtensionRuntime	no field or method for property setActiveTools in coding/extension/provider_runtime.go#ExtensionRuntime (N1, N2, json tag)
pkg:coding-agent/.#ExtensionRuntime	pkg:coding-agent/.#ExtensionRuntime::property:setActiveTools::call:0	PORT-NEEDED: ExtensionRuntime.setActiveTools	coding/extension/provider_runtime.go#ExtensionRuntime	property has no Go member
pkg:coding-agent/.#ExtensionRuntime	pkg:coding-agent/.#ExtensionRuntime::property:setLabel	PORT-NEEDED: ExtensionRuntime.setLabel	coding/extension/provider_runtime.go#ExtensionRuntime	no field or method for property setLabel in coding/extension/provider_runtime.go#ExtensionRuntime (N1, N2, json tag)
pkg:coding-agent/.#ExtensionRuntime	pkg:coding-agent/.#ExtensionRuntime::property:setLabel::call:0	PORT-NEEDED: ExtensionRuntime.setLabel	coding/extension/provider_runtime.go#ExtensionRuntime	property has no Go member
pkg:coding-agent/.#ExtensionRuntime	pkg:coding-agent/.#ExtensionRuntime::property:setModel	PORT-NEEDED: ExtensionRuntime.setModel	coding/extension/provider_runtime.go#ExtensionRuntime	no field or method for property setModel in coding/extension/provider_runtime.go#ExtensionRuntime (N1, N2, json tag)
pkg:coding-agent/.#ExtensionRuntime	pkg:coding-agent/.#ExtensionRuntime::property:setModel::call:0	PORT-NEEDED: ExtensionRuntime.setModel	coding/extension/provider_runtime.go#ExtensionRuntime	property has no Go member
pkg:coding-agent/.#ExtensionRuntime	pkg:coding-agent/.#ExtensionRuntime::property:setSessionName	PORT-NEEDED: ExtensionRuntime.setSessionName	coding/extension/provider_runtime.go#ExtensionRuntime	no field or method for property setSessionName in coding/extension/provider_runtime.go#ExtensionRuntime (N1, N2, json tag)
pkg:coding-agent/.#ExtensionRuntime	pkg:coding-agent/.#ExtensionRuntime::property:setSessionName::call:0	PORT-NEEDED: ExtensionRuntime.setSessionName	coding/extension/provider_runtime.go#ExtensionRuntime	property has no Go member
pkg:coding-agent/.#ExtensionRuntime	pkg:coding-agent/.#ExtensionRuntime::property:setThinkingLevel	PORT-NEEDED: ExtensionRuntime.setThinkingLevel	coding/extension/provider_runtime.go#ExtensionRuntime	no field or method for property setThinkingLevel in coding/extension/provider_runtime.go#ExtensionRuntime (N1, N2, json tag)
pkg:coding-agent/.#ExtensionRuntime	pkg:coding-agent/.#ExtensionRuntime::property:setThinkingLevel::call:0	PORT-NEEDED: ExtensionRuntime.setThinkingLevel	coding/extension/provider_runtime.go#ExtensionRuntime	property has no Go member
pkg:coding-agent/.#ExtensionRuntime	pkg:coding-agent/.#ExtensionRuntime::property:trackEventBusSubscription	PORT-NEEDED: ExtensionRuntime.trackEventBusSubscription	coding/extension/provider_runtime.go#ExtensionRuntime	no field or method for property trackEventBusSubscription in coding/extension/provider_runtime.go#ExtensionRuntime (N1, N2, json tag)
pkg:coding-agent/.#ExtensionRuntime	pkg:coding-agent/.#ExtensionRuntime::property:trackEventBusSubscription::call:0	PORT-NEEDED: ExtensionRuntime.trackEventBusSubscription	coding/extension/provider_runtime.go#ExtensionRuntime	property has no Go member
pkg:coding-agent/.#ExtensionRuntime	pkg:coding-agent/.#ExtensionRuntime::property:unregisterProvider::call:0	functions: parameter count differs (context.Context, option structs, injected process-global state) [S4]	coding/extension/provider_runtime.go#ExtensionRuntime.UnregisterProvider	S4: upstream takes 2 parameters, Go takes 1
pkg:coding-agent/.#ExtensionSelectorComponent	pkg:coding-agent/.#ExtensionSelectorComponent::construct:0	unions/options: union, boolean, record or options-object shape vs Go representation [S3]	tui/extension_selector.go#NewExtensionSelectorComponent	S3: required upstream parameter onSelect lands in a Go variadic tail
pkg:coding-agent/.#ExtensionSelectorComponent	pkg:coding-agent/.#ExtensionSelectorComponent::property:dispose	inheritance: member promoted from the embedded Container/Box/Focusable or Go naming (render->Render, invalidate->Invalidate, getXList->List, dispose, focused field)	tui/extension_selector.go#ExtensionSelectorComponent	no field or method for property dispose in tui/extension_selector.go#ExtensionSelectorComponent (N1, N2, json tag)
pkg:coding-agent/.#ExtensionSelectorComponent	pkg:coding-agent/.#ExtensionSelectorComponent::property:dispose::call:0	inheritance: member promoted from the embedded Container/Box/Focusable or Go naming (render->Render, invalidate->Invalidate, getXList->List, dispose, focused field)	tui/extension_selector.go#ExtensionSelectorComponent	property has no Go member
pkg:coding-agent/.#ExtensionSelectorComponent	pkg:coding-agent/.#ExtensionSelectorComponent::property:handleInput	behaviour contract: handleInput state-transition contract (behavior-contracts.toml) [B1]	tui/extension_selector.go#ExtensionSelectorComponent	B1: handleInput needs a state-transition contract in test/parity/behavior-contracts.toml
pkg:coding-agent/.#ExtensionShortcut	pkg:coding-agent/.#ExtensionShortcut::property:handler::call:0	functions: parameter count differs (context.Context, option structs, injected process-global state) [S4]	coding/extension/shortcut.go#ExtensionShortcut.Handler	S4: upstream takes 1 parameters, Go takes 0
pkg:coding-agent/.#ExtensionToolContext	pkg:coding-agent/.#ExtensionToolContext::property:sessionManager	datashapes: named/branded/object-literal/alias type vs a differently named Go type [T9]	coding/extension/context.go#Context.SessionManager	T9: upstream type ReadonlySessionManager against Go type extension.SessionManager
pkg:coding-agent/.#ExtensionToolContext	pkg:coding-agent/.#ExtensionToolContext::property:thinkingLevel	PORT-NEEDED: ExtensionToolContext.thinkingLevel	coding/extension/tool_context.go#ToolContext	no field or method for property thinkingLevel in coding/extension/tool_context.go#ToolContext (N1, N2, json tag)
pkg:coding-agent/.#ExtensionUIContext	pkg:coding-agent/.#ExtensionUIContext::property:custom::call:0	datashapes: type has no rule [undecidable]	coding/extension/ui.go#UIContext.Custom	"parameter factory: T7: function type ""(tui: TUI, theme: Theme, keybindings: KeybindingsManager, done: (result: T) => void) => (Component & { dispose?(): void; }) | Promise<Component & { dispose?(): void; }>"" against Go type any"
pkg:coding-agent/.#ExtensionUIContext	pkg:coding-agent/.#ExtensionUIContext::property:getEditorComponent::call:0	datashapes: type has no rule [undecidable]	coding/extension/ui.go#UIContext.GetEditorComponent	result: T9: upstream type EditorFactory against Go type any
pkg:coding-agent/.#ExtensionUIContext	pkg:coding-agent/.#ExtensionUIContext::property:setEditorComponent::call:0	datashapes: type has no rule [undecidable]	coding/extension/ui.go#UIContext.SetEditorComponent	parameter factory: T9: upstream type EditorFactory against Go type any
pkg:coding-agent/.#ExtensionUIContext	pkg:coding-agent/.#ExtensionUIContext::property:setFooter::call:0	datashapes: type has no rule [undecidable]	coding/extension/ui.go#UIContext.SetFooter	"parameter factory: T7: function type ""(tui: TUI, theme: Theme, footerData: ReadonlyFooterDataProvider) => Component & { dispose?(): void; }"" against Go type any"
pkg:coding-agent/.#ExtensionUIContext	pkg:coding-agent/.#ExtensionUIContext::property:setHeader::call:0	datashapes: type has no rule [undecidable]	coding/extension/ui.go#UIContext.SetHeader	"parameter factory: T7: function type ""(tui: TUI, theme: Theme) => Component & { dispose?(): void; }"" against Go type any"
pkg:coding-agent/.#ExtensionUIContext	pkg:coding-agent/.#ExtensionUIContext::property:setTheme::call:0	datashapes: type has no rule [undecidable]	coding/extension/ui.go#UIContext.SetTheme	"parameter theme: T10: union ""string | Theme"" against Go type any (not an interface with methods)"
pkg:coding-agent/.#ExtensionUIContext	pkg:coding-agent/.#ExtensionUIContext::property:setWidget::call:0	datashapes: type has no rule [undecidable]	coding/extension/ui.go#UIContext.SetWidget	parameter content: T5: array of string against any
pkg:coding-agent/.#ExtensionUIContext	pkg:coding-agent/.#ExtensionUIContext::property:setWidget::call:1	datashapes: type has no rule [undecidable]	coding/extension/ui.go#UIContext.SetWidget	"parameter content: T7: function type ""(tui: TUI, theme: Theme) => Component & { dispose?(): void; }"" against Go type any"
pkg:coding-agent/.#ExtensionVirtualModel	pkg:coding-agent/.#ExtensionVirtualModel::property:route::call:0	functions: parameter count differs (context.Context, option structs, injected process-global state) [S4]	coding/extension/virtual_model.go#VirtualModelDefinition.Route	S4: upstream takes 2 parameters, Go takes 1
pkg:coding-agent/.#FileEntry	pkg:coding-agent/.#FileEntry	naming: Pi class/type name vs Go name (AgentSession->coding.Session, ExtensionAPI->extension.API, ExtensionRunner->inproc.Runner, ...)		no Go type named FileEntry (N1, N2) and no documented rename
pkg:coding-agent/.#FindToolCallEvent	pkg:coding-agent/.#FindToolCallEvent::property:input	datashapes: named/branded/object-literal/alias type vs a differently named Go type [T12]	coding/extension/events.go#FindToolCallEvent.Input	"T12: object literal type ""{ path?: string | undefined; limit?: number | unde..."" against Go type extension.FindToolInput"
pkg:coding-agent/.#FindToolDetails	pkg:coding-agent/.#FindToolDetails::property:truncation	datashapes: named/branded/object-literal/alias type vs a differently named Go type [T9]	coding/extension/events.go#FindToolDetails.Truncation	T9: upstream type TruncationResult against Go type extension.ToolTruncation
pkg:coding-agent/.#FindToolInput	pkg:coding-agent/.#FindToolInput	datashapes: named/branded/object-literal/alias type vs a differently named Go type [T9]	coding/extension/opaque_types.go#FindToolInput	T9: upstream type Static against Go type extension.FindToolInput
pkg:coding-agent/.#FooterComponent	pkg:coding-agent/.#FooterComponent::construct:0	functions: parameter count differs (context.Context, option structs, injected process-global state) [S4]	internal/codingagent/status_line.go#NewFooterComponent	S4: upstream takes 2 parameters, Go takes 3
pkg:coding-agent/.#FooterComponent	pkg:coding-agent/.#FooterComponent::property:dispose	inheritance: member promoted from the embedded Container/Box/Focusable or Go naming (render->Render, invalidate->Invalidate, getXList->List, dispose, focused field)	internal/codingagent/status_line.go#FooterComponent	no field or method for property dispose in internal/codingagent/status_line.go#FooterComponent (N1, N2, json tag)
pkg:coding-agent/.#FooterComponent	pkg:coding-agent/.#FooterComponent::property:dispose::call:0	inheritance: member promoted from the embedded Container/Box/Focusable or Go naming (render->Render, invalidate->Invalidate, getXList->List, dispose, focused field)	internal/codingagent/status_line.go#FooterComponent	property has no Go member
pkg:coding-agent/.#FooterComponent	pkg:coding-agent/.#FooterComponent::property:setSession	inheritance: member promoted from the embedded Container/Box/Focusable or Go naming (render->Render, invalidate->Invalidate, getXList->List, dispose, focused field)	internal/codingagent/status_line.go#FooterComponent	no field or method for property setSession in internal/codingagent/status_line.go#FooterComponent (N1, N2, json tag)
pkg:coding-agent/.#FooterComponent	pkg:coding-agent/.#FooterComponent::property:setSession::call:0	inheritance: member promoted from the embedded Container/Box/Focusable or Go naming (render->Render, invalidate->Invalidate, getXList->List, dispose, focused field)	internal/codingagent/status_line.go#FooterComponent	property has no Go member
pkg:coding-agent/.#GenerateBranchSummaryOptions	pkg:coding-agent/.#GenerateBranchSummaryOptions::property:apiKey	PORT-NEEDED: GenerateBranchSummaryOptions.apiKey	internal/codingagent/compaction/branch_summarization.go#GenerateBranchSummaryOptions	no field or method for property apiKey in internal/codingagent/compaction/branch_summarization.go#GenerateBranchSummaryOptions (N1, N2, json tag)
pkg:coding-agent/.#GenerateBranchSummaryOptions	pkg:coding-agent/.#GenerateBranchSummaryOptions::property:callbacks	PORT-NEEDED: GenerateBranchSummaryOptions.callbacks	internal/codingagent/compaction/branch_summarization.go#GenerateBranchSummaryOptions	no field or method for property callbacks in internal/codingagent/compaction/branch_summarization.go#GenerateBranchSummaryOptions (N1, N2, json tag)
pkg:coding-agent/.#GenerateBranchSummaryOptions	pkg:coding-agent/.#GenerateBranchSummaryOptions::property:env	PORT-NEEDED: GenerateBranchSummaryOptions.env	internal/codingagent/compaction/branch_summarization.go#GenerateBranchSummaryOptions	no field or method for property env in internal/codingagent/compaction/branch_summarization.go#GenerateBranchSummaryOptions (N1, N2, json tag)
pkg:coding-agent/.#GenerateBranchSummaryOptions	pkg:coding-agent/.#GenerateBranchSummaryOptions::property:headers	PORT-NEEDED: GenerateBranchSummaryOptions.headers	internal/codingagent/compaction/branch_summarization.go#GenerateBranchSummaryOptions	no field or method for property headers in internal/codingagent/compaction/branch_summarization.go#GenerateBranchSummaryOptions (N1, N2, json tag)
pkg:coding-agent/.#GenerateBranchSummaryOptions	pkg:coding-agent/.#GenerateBranchSummaryOptions::property:retry	datashapes: named/branded/object-literal/alias type vs a differently named Go type [T9]	internal/codingagent/compaction/branch_summarization.go#GenerateBranchSummaryOptions.Retry	T9: upstream type RetryPolicy against Go type compaction.RetryOptions
pkg:coding-agent/.#GrepToolCallEvent	pkg:coding-agent/.#GrepToolCallEvent::property:input	datashapes: named/branded/object-literal/alias type vs a differently named Go type [T12]	coding/extension/events.go#GrepToolCallEvent.Input	"T12: object literal type ""{ context?: number | undefined; path?: string | un..."" against Go type extension.GrepToolInput"
pkg:coding-agent/.#GrepToolDetails	pkg:coding-agent/.#GrepToolDetails::property:truncation	datashapes: named/branded/object-literal/alias type vs a differently named Go type [T9]	coding/extension/events.go#GrepToolDetails.Truncation	T9: upstream type TruncationResult against Go type extension.ToolTruncation
pkg:coding-agent/.#GrepToolInput	pkg:coding-agent/.#GrepToolInput	datashapes: named/branded/object-literal/alias type vs a differently named Go type [T9]	coding/extension/opaque_types.go#GrepToolInput	T9: upstream type Static against Go type extension.GrepToolInput
pkg:coding-agent/.#InlineExtension	pkg:coding-agent/.#InlineExtension	datashapes: named/branded/object-literal/alias type vs a differently named Go type [A3]	cmd/pig/extension_set.go#inlineExtension	"A3: upstream alias body ""ExtensionFactory | { /** * Display name shown as `<inline:na..."" is not a string-literal union or a single type"
pkg:coding-agent/.#InputEventResult	pkg:coding-agent/.#InputEventResult	unions/options: union, boolean, record or options-object shape vs Go representation [U4]	coding/extension/events.go#InputEventResult	"U4: no Go type with discriminator ""continue"", ""transform"", ""handled""; no discriminator value readable for InputEventResultContinue; no discriminator value readable for InputEventResultHandled; no discriminator value readable for InputEventResultTransform"
pkg:coding-agent/.#InteractiveMode	pkg:coding-agent/.#InteractiveMode::construct:0	functions: parameter count differs (context.Context, option structs, injected process-global state) [S4]	internal/codingagent/interactive.go#NewInteractiveMode	S4: upstream takes 2 parameters, Go takes 1
pkg:coding-agent/.#InteractiveMode	pkg:coding-agent/.#InteractiveMode::property:getUserInput::call:0	datashapes: type has no rule [signature-mismatch]	internal/codingagent/startup_input.go#InteractiveMode.getUserInput	result: T1: upstream string is a string, Go type is <-chan string
pkg:coding-agent/.#InteractiveMode	pkg:coding-agent/.#InteractiveMode::property:init	PORT-NEEDED: InteractiveMode.init	internal/codingagent/interactive.go#InteractiveMode	no field or method for property init in internal/codingagent/interactive.go#InteractiveMode (N1, N2, json tag)
pkg:coding-agent/.#InteractiveMode	pkg:coding-agent/.#InteractiveMode::property:init::call:0	PORT-NEEDED: InteractiveMode.init	internal/codingagent/interactive.go#InteractiveMode	property has no Go member
pkg:coding-agent/.#InteractiveMode	pkg:coding-agent/.#InteractiveMode::property:renderInitialMessages	PORT-NEEDED: InteractiveMode.renderInitialMessages	internal/codingagent/interactive.go#InteractiveMode	no field or method for property renderInitialMessages in internal/codingagent/interactive.go#InteractiveMode (N1, N2, json tag)
pkg:coding-agent/.#InteractiveMode	pkg:coding-agent/.#InteractiveMode::property:renderInitialMessages::call:0	PORT-NEEDED: InteractiveMode.renderInitialMessages	internal/codingagent/interactive.go#InteractiveMode	property has no Go member
pkg:coding-agent/.#InteractiveMode	pkg:coding-agent/.#InteractiveMode::property:showNewVersionNotification::call:0	datashapes: type has no rule [undecidable]	internal/codingagent/interactive_chat.go#InteractiveMode.showNewVersionNotification	parameter release: T9: upstream type LatestPiRelease against Go type codingagent.BinaryUpdate
pkg:coding-agent/.#InteractiveMode	pkg:coding-agent/.#InteractiveMode::property:stop	PORT-NEEDED: InteractiveMode.stop	internal/codingagent/interactive.go#InteractiveMode	no field or method for property stop in internal/codingagent/interactive.go#InteractiveMode (N1, N2, json tag)
pkg:coding-agent/.#InteractiveMode	pkg:coding-agent/.#InteractiveMode::property:stop::call:0	PORT-NEEDED: InteractiveMode.stop	internal/codingagent/interactive.go#InteractiveMode	property has no Go member
pkg:coding-agent/.#InteractiveModeOptions	pkg:coding-agent/.#InteractiveModeOptions::property:modelFallbackMessage	PORT-NEEDED: InteractiveModeOptions.modelFallbackMessage	internal/codingagent/interactive.go#InteractiveModeOptions	no field or method for property modelFallbackMessage in internal/codingagent/interactive.go#InteractiveModeOptions (N1, N2, json tag)
pkg:coding-agent/.#InteractiveModeOptions	pkg:coding-agent/.#InteractiveModeOptions::property:terminal	PORT-NEEDED: InteractiveModeOptions.terminal	internal/codingagent/interactive.go#InteractiveModeOptions	no field or method for property terminal in internal/codingagent/interactive.go#InteractiveModeOptions (N1, N2, json tag)
pkg:coding-agent/.#JsonAgentSessionEvent	pkg:coding-agent/.#JsonAgentSessionEvent	datashapes: named/branded/object-literal/alias type vs a differently named Go type [A3]	coding/rpcclient/types.go#JsonAgentSessionEvent	"A3: upstream alias body ""Exclude<AgentSessionEvent, { type: \""message_update\"" }> | Jso..."" is not a string-literal union or a single type"
pkg:coding-agent/.#KeybindingsManager	pkg:coding-agent/.#KeybindingsManager::construct:0	functions: parameter count differs (context.Context, option structs, injected process-global state) [S4]	internal/codingagent/keybindings.go#NewKeybindingsManager	S4: upstream takes 2 parameters, Go takes 1
pkg:coding-agent/.#KeybindingsManager	pkg:coding-agent/.#KeybindingsManager::property:getDefinition::call:0	datashapes: type has no rule [undecidable]	internal/codingagent/keybindings.go#KeybindingsManager.GetDefinition	"parameter keybinding: T12: type ""keyof Keybindings"" has no rule"
pkg:coding-agent/.#KeybindingsManager	pkg:coding-agent/.#KeybindingsManager::property:getEffectiveConfig::call:0	datashapes: type has no rule [undecidable]	internal/codingagent/keybindings.go#KeybindingsManager.GetEffectiveConfig	result: T9: upstream type KeybindingsConfig against Go type map[string]any
pkg:coding-agent/.#KeybindingsManager	pkg:coding-agent/.#KeybindingsManager::property:getKeys::call:0	datashapes: type has no rule [undecidable]	internal/codingagent/keybindings.go#KeybindingsManager.GetKeys	"parameter keybinding: T12: type ""keyof Keybindings"" has no rule"
pkg:coding-agent/.#KeybindingsManager	pkg:coding-agent/.#KeybindingsManager::property:getUserBindings::call:0	datashapes: type has no rule [undecidable]	internal/codingagent/keybindings.go#KeybindingsManager.GetUserBindings	result: T9: upstream type KeybindingsConfig against Go type map[string][]codingagent.KeyID
pkg:coding-agent/.#KeybindingsManager	pkg:coding-agent/.#KeybindingsManager::property:matches::call:0	datashapes: type has no rule [undecidable]	internal/codingagent/keybindings.go#KeybindingsManager.Matches	"parameter keybinding: T12: type ""keyof Keybindings"" has no rule"
pkg:coding-agent/.#KeybindingsManager	pkg:coding-agent/.#KeybindingsManager::property:setUserBindings::call:0	datashapes: type has no rule [undecidable]	internal/codingagent/keybindings.go#KeybindingsManager.SetUserBindings	parameter userBindings: T9: upstream type KeybindingsConfig against Go type map[string][]codingagent.KeyID
pkg:coding-agent/.#LoadExtensionsResult	pkg:coding-agent/.#LoadExtensionsResult	naming: Pi class/type name vs Go name (AgentSession->coding.Session, ExtensionAPI->extension.API, ExtensionRunner->inproc.Runner, ...)		no Go type named LoadExtensionsResult (N1, N2) and no documented rename
pkg:coding-agent/.#LoginDialogComponent	pkg:coding-agent/.#LoginDialogComponent::construct:0	unions/options: union, boolean, record or options-object shape vs Go representation [S3]	tui/login_dialog.go#NewLoginDialogComponent	S3: required upstream parameter onComplete lands in a Go variadic tail
pkg:coding-agent/.#LoginDialogComponent	pkg:coding-agent/.#LoginDialogComponent::property:focused	inheritance: member promoted from the embedded Container/Box/Focusable or Go naming (render->Render, invalidate->Invalidate, getXList->List, dispose, focused field)	tui/login_dialog.go#LoginDialogComponent	no field or method for property focused in tui/login_dialog.go#LoginDialogComponent (N1, N2, json tag)
pkg:coding-agent/.#LoginDialogComponent	pkg:coding-agent/.#LoginDialogComponent::property:handleInput	behaviour contract: handleInput state-transition contract (behavior-contracts.toml) [B1]	tui/login_dialog.go#LoginDialogComponent	B1: handleInput needs a state-transition contract in test/parity/behavior-contracts.toml
pkg:coding-agent/.#LoginDialogComponent	pkg:coding-agent/.#LoginDialogComponent::property:render	inheritance: member promoted from the embedded Container/Box/Focusable or Go naming (render->Render, invalidate->Invalidate, getXList->List, dispose, focused field)	tui/login_dialog.go#LoginDialogComponent	no field or method for property render in tui/login_dialog.go#LoginDialogComponent (N1, N2, json tag)
pkg:coding-agent/.#LoginDialogComponent	pkg:coding-agent/.#LoginDialogComponent::property:render::call:0	inheritance: member promoted from the embedded Container/Box/Focusable or Go naming (render->Render, invalidate->Invalidate, getXList->List, dispose, focused field)	tui/login_dialog.go#LoginDialogComponent	property has no Go member
pkg:coding-agent/.#LoginDialogComponent	pkg:coding-agent/.#LoginDialogComponent::property:showAuth	inheritance: member promoted from the embedded Container/Box/Focusable or Go naming (render->Render, invalidate->Invalidate, getXList->List, dispose, focused field)	tui/login_dialog.go#LoginDialogComponent	no field or method for property showAuth in tui/login_dialog.go#LoginDialogComponent (N1, N2, json tag)
pkg:coding-agent/.#LoginDialogComponent	pkg:coding-agent/.#LoginDialogComponent::property:showAuth::call:0	inheritance: member promoted from the embedded Container/Box/Focusable or Go naming (render->Render, invalidate->Invalidate, getXList->List, dispose, focused field)	tui/login_dialog.go#LoginDialogComponent	property has no Go member
pkg:coding-agent/.#LoginDialogComponent	pkg:coding-agent/.#LoginDialogComponent::property:showDetails	inheritance: member promoted from the embedded Container/Box/Focusable or Go naming (render->Render, invalidate->Invalidate, getXList->List, dispose, focused field)	tui/login_dialog.go#LoginDialogComponent	no field or method for property showDetails in tui/login_dialog.go#LoginDialogComponent (N1, N2, json tag)
pkg:coding-agent/.#LoginDialogComponent	pkg:coding-agent/.#LoginDialogComponent::property:showDetails::call:0	inheritance: member promoted from the embedded Container/Box/Focusable or Go naming (render->Render, invalidate->Invalidate, getXList->List, dispose, focused field)	tui/login_dialog.go#LoginDialogComponent	property has no Go member
pkg:coding-agent/.#LoginDialogComponent	pkg:coding-agent/.#LoginDialogComponent::property:showDeviceCode::call:0	functions: parameter count differs (context.Context, option structs, injected process-global state) [S4]	tui/login_dialog.go#LoginDialogComponent.ShowDeviceCode	S4: upstream takes 1 parameters, Go takes 2
pkg:coding-agent/.#LoginDialogComponent	pkg:coding-agent/.#LoginDialogComponent::property:showInfo	inheritance: member promoted from the embedded Container/Box/Focusable or Go naming (render->Render, invalidate->Invalidate, getXList->List, dispose, focused field)	tui/login_dialog.go#LoginDialogComponent	no field or method for property showInfo in tui/login_dialog.go#LoginDialogComponent (N1, N2, json tag)
pkg:coding-agent/.#LoginDialogComponent	pkg:coding-agent/.#LoginDialogComponent::property:showInfo::call:0	inheritance: member promoted from the embedded Container/Box/Focusable or Go naming (render->Render, invalidate->Invalidate, getXList->List, dispose, focused field)	tui/login_dialog.go#LoginDialogComponent	property has no Go member
pkg:coding-agent/.#LoginDialogComponent	pkg:coding-agent/.#LoginDialogComponent::property:showManualInput::call:0	datashapes: type has no rule [signature-mismatch]	tui/login_dialog.go#LoginDialogComponent.ShowManualInput	result: T1: upstream string is a string, Go type is <-chan string
pkg:coding-agent/.#LoginDialogComponent	pkg:coding-agent/.#LoginDialogComponent::property:showProgress	inheritance: member promoted from the embedded Container/Box/Focusable or Go naming (render->Render, invalidate->Invalidate, getXList->List, dispose, focused field)	tui/login_dialog.go#LoginDialogComponent	no field or method for property showProgress in tui/login_dialog.go#LoginDialogComponent (N1, N2, json tag)
pkg:coding-agent/.#LoginDialogComponent	pkg:coding-agent/.#LoginDialogComponent::property:showProgress::call:0	inheritance: member promoted from the embedded Container/Box/Focusable or Go naming (render->Render, invalidate->Invalidate, getXList->List, dispose, focused field)	tui/login_dialog.go#LoginDialogComponent	property has no Go member
pkg:coding-agent/.#LoginDialogComponent	pkg:coding-agent/.#LoginDialogComponent::property:showPrompt	inheritance: member promoted from the embedded Container/Box/Focusable or Go naming (render->Render, invalidate->Invalidate, getXList->List, dispose, focused field)	tui/login_dialog.go#LoginDialogComponent	no field or method for property showPrompt in tui/login_dialog.go#LoginDialogComponent (N1, N2, json tag)
pkg:coding-agent/.#LoginDialogComponent	pkg:coding-agent/.#LoginDialogComponent::property:showPrompt::call:0	inheritance: member promoted from the embedded Container/Box/Focusable or Go naming (render->Render, invalidate->Invalidate, getXList->List, dispose, focused field)	tui/login_dialog.go#LoginDialogComponent	property has no Go member
pkg:coding-agent/.#LoginDialogComponent	pkg:coding-agent/.#LoginDialogComponent::property:showWaiting	inheritance: member promoted from the embedded Container/Box/Focusable or Go naming (render->Render, invalidate->Invalidate, getXList->List, dispose, focused field)	tui/login_dialog.go#LoginDialogComponent	no field or method for property showWaiting in tui/login_dialog.go#LoginDialogComponent (N1, N2, json tag)
pkg:coding-agent/.#LoginDialogComponent	pkg:coding-agent/.#LoginDialogComponent::property:showWaiting::call:0	inheritance: member promoted from the embedded Container/Box/Focusable or Go naming (render->Render, invalidate->Invalidate, getXList->List, dispose, focused field)	tui/login_dialog.go#LoginDialogComponent	property has no Go member
pkg:coding-agent/.#LsOperations	pkg:coding-agent/.#LsOperations::property:stat::call:0	datashapes: type has no rule [undecidable]	internal/codingagent/tools/ls.go#LsOperations.Stat	result: T12b: Go interface has no method for object member isDirectory
pkg:coding-agent/.#LsToolCallEvent	pkg:coding-agent/.#LsToolCallEvent::property:input	datashapes: named/branded/object-literal/alias type vs a differently named Go type [T12]	coding/extension/events.go#LsToolCallEvent.Input	"T12: object literal type ""{ path?: string | undefined; limit?: number | unde..."" against Go type extension.LsToolInput"
pkg:coding-agent/.#LsToolDetails	pkg:coding-agent/.#LsToolDetails::property:truncation	datashapes: named/branded/object-literal/alias type vs a differently named Go type [T9]	coding/extension/events.go#LsToolDetails.Truncation	T9: upstream type TruncationResult against Go type extension.ToolTruncation
pkg:coding-agent/.#LsToolInput	pkg:coding-agent/.#LsToolInput	datashapes: named/branded/object-literal/alias type vs a differently named Go type [T9]	coding/extension/opaque_types.go#LsToolInput	T9: upstream type Static against Go type extension.LsToolInput
pkg:coding-agent/.#MainOptions	pkg:coding-agent/.#MainOptions	naming: Pi class/type name vs Go name (AgentSession->coding.Session, ExtensionAPI->extension.API, ExtensionRunner->inproc.Runner, ...)		no Go type named MainOptions (N1, N2) and no documented rename
pkg:coding-agent/.#McpExtensionOptions	pkg:coding-agent/.#McpExtensionOptions::property:loadConfig	datashapes: type has no rule [undecidable]	coding/mcpext/extension.go#Options.LoadConfig	parameter ctx: T9: upstream type ExtensionContext against Go type mcpext.EventContext
pkg:coding-agent/.#McpExtensionOptions	pkg:coding-agent/.#McpExtensionOptions::property:startupWaitMs	PORT-NEEDED: McpExtensionOptions.startupWaitMs	coding/mcpext/extension.go#Options	no field or method for property startupWaitMs in coding/mcpext/extension.go#Options (N1, N2, json tag)
pkg:coding-agent/.#McpServerConfig	pkg:coding-agent/.#McpServerConfig	datashapes: named/branded/object-literal/alias type vs a differently named Go type [A3]	coding/extension/mcp_servers.go#McpServerConfig	"A3: upstream alias body ""McpStdioServerConfig | McpHttpServerConfig"" is not a string-literal union or a single type"
pkg:coding-agent/.#ModelRegistry	pkg:coding-agent/.#ModelRegistry::construct:0	datashapes: type has no rule [undecidable]	internal/codingagent/model_registry.go#NewModelRegistry	parameter runtime: T9: upstream type ModelRuntime against Go type string
pkg:coding-agent/.#ModelRegistry	pkg:coding-agent/.#ModelRegistry::property:findOfType::call:0	datashapes: type has no rule [undecidable]	coding/model_registry_facade.go#ModelRegistry.FindOfType	"result: T12: type ""ModelTypeMap[TType]"" has no rule"
pkg:coding-agent/.#ModelRegistry	pkg:coding-agent/.#ModelRegistry::property:getAll::call:0	datashapes: type has no rule [undecidable]	coding/model_registry_facade.go#ModelRegistry.GetAll	result: T9: upstream type Model against Go type codingagent.ModelEntry
pkg:coding-agent/.#ModelRegistry	pkg:coding-agent/.#ModelRegistry::property:getAvailable::call:0	datashapes: type has no rule [undecidable]	internal/codingagent/model_registry.go#ModelRegistry.GetAvailable	result: T9: upstream type Model against Go type codingagent.ModelEntry
pkg:coding-agent/.#ModelRegistry	pkg:coding-agent/.#ModelRegistry::property:getAvailableOfType::call:0	datashapes: type has no rule [undecidable]	coding/model_registry_facade.go#ModelRegistry.GetAvailableOfType	"result: T12: type ""ModelTypeMap[TType]"" has no rule"
pkg:coding-agent/.#ModelRegistry	pkg:coding-agent/.#ModelRegistry::property:getModelOfType::call:0	datashapes: type has no rule [undecidable]	coding/model_registry_facade.go#ModelRegistry.GetModelOfType	"result: T12: type ""ModelTypeMap[TType]"" has no rule"
pkg:coding-agent/.#ModelRegistry	pkg:coding-agent/.#ModelRegistry::property:getModelsOfType::call:0	datashapes: type has no rule [undecidable]	coding/model_registry_facade.go#ModelRegistry.GetModelsOfType	"result: T12: type ""ModelTypeMap[TType]"" has no rule"
pkg:coding-agent/.#ModelRegistry	pkg:coding-agent/.#ModelRegistry::property:hasConfiguredAuth::call:0	datashapes: type has no rule [undecidable]	internal/codingagent/model_registry.go#ModelRegistry.HasConfiguredAuth	parameter model: T9: upstream type Model against Go type string
pkg:coding-agent/.#ModelRegistry	pkg:coding-agent/.#ModelRegistry::property:refresh::call:0	functions: parameter count differs (context.Context, option structs, injected process-global state) [S4]	internal/codingagent/model_registry.go#ModelRegistry.Refresh	S4: upstream takes 1 parameters, Go takes 0
pkg:coding-agent/.#ModelRegistry	pkg:coding-agent/.#ModelRegistry::property:registerProvider::call:0	functions: parameter count differs (context.Context, option structs, injected process-global state) [S4]	internal/codingagent/model_registry.go#ModelRegistry.RegisterProvider	S4: upstream takes 1 parameters, Go takes 2
pkg:coding-agent/.#ModelRegistry	pkg:coding-agent/.#ModelRegistry::property:registerProvider::call:1	datashapes: type has no rule [undecidable]	internal/codingagent/model_registry.go#ModelRegistry.RegisterProvider	parameter config: T9: upstream type ProviderConfigInput against Go type extension.ProviderConfig
pkg:coding-agent/.#ModelRuntime	pkg:coding-agent/.#ModelRuntime::property:getAuth::call:0	datashapes: type has no rule [undecidable]	coding/model_runtime_members.go#ModelRuntime.GetAuth	parameter overrides: T9: upstream type ModelRuntimeAuthOverrides against Go type ai.AuthResolutionOverrides
pkg:coding-agent/.#ModelRuntime	pkg:coding-agent/.#ModelRuntime::property:getAuth::call:1	datashapes: type has no rule [undecidable]	coding/model_runtime_members.go#ModelRuntime.GetAuth	parameter model: T9: upstream type AnyModel against Go type string
pkg:coding-agent/.#ModelRuntime	pkg:coding-agent/.#ModelRuntime::property:getAvailableOfType::call:0	datashapes: type has no rule [undecidable]	coding/model_runtime_typed.go#ModelRuntime.GetAvailableOfType	"result: T12: type ""ModelTypeMap[TType]"" has no rule"
pkg:coding-agent/.#ModelRuntime	pkg:coding-agent/.#ModelRuntime::property:getModelOfType::call:0	datashapes: type has no rule [undecidable]	coding/model_runtime_typed.go#ModelRuntime.GetModelOfType	"result: T12: type ""ModelTypeMap[TType]"" has no rule"
pkg:coding-agent/.#ModelRuntime	pkg:coding-agent/.#ModelRuntime::property:getModelsOfType::call:0	datashapes: type has no rule [undecidable]	coding/model_runtime_typed.go#ModelRuntime.GetModelsOfType	"result: T12: type ""ModelTypeMap[TType]"" has no rule"
pkg:coding-agent/.#ModelRuntime	pkg:coding-agent/.#ModelRuntime::property:resolveModel::call:0	datashapes: type has no rule [signature-mismatch]	coding/virtual_models.go#ModelRuntime.ResolveModel	parameter options: T12: Go struct coding.ResolveModelOptions has no field for signal
pkg:coding-agent/.#ModelRuntimeAuthOverrides	pkg:coding-agent/.#ModelRuntimeAuthOverrides	naming: Pi class/type name vs Go name (AgentSession->coding.Session, ExtensionAPI->extension.API, ExtensionRunner->inproc.Runner, ...)		no Go type named ModelRuntimeAuthOverrides (N1, N2) and no documented rename
pkg:coding-agent/.#ModelSelectorComponent	pkg:coding-agent/.#ModelSelectorComponent::construct:0	functions: parameter count differs (context.Context, option structs, injected process-global state) [S4]	tui/model_select.go#NewModelSelectorComponent	S4: upstream takes 9 parameters, Go takes 4
pkg:coding-agent/.#ModelSelectorComponent	pkg:coding-agent/.#ModelSelectorComponent::property:dispose	inheritance: member promoted from the embedded Container/Box/Focusable or Go naming (render->Render, invalidate->Invalidate, getXList->List, dispose, focused field)	tui/model_select.go#ModelSelectorComponent	no field or method for property dispose in tui/model_select.go#ModelSelectorComponent (N1, N2, json tag)
pkg:coding-agent/.#ModelSelectorComponent	pkg:coding-agent/.#ModelSelectorComponent::property:dispose::call:0	inheritance: member promoted from the embedded Container/Box/Focusable or Go naming (render->Render, invalidate->Invalidate, getXList->List, dispose, focused field)	tui/model_select.go#ModelSelectorComponent	property has no Go member
pkg:coding-agent/.#ModelSelectorComponent	pkg:coding-agent/.#ModelSelectorComponent::property:focused	inheritance: member promoted from the embedded Container/Box/Focusable or Go naming (render->Render, invalidate->Invalidate, getXList->List, dispose, focused field)	tui/model_select.go#ModelSelectorComponent	no field or method for property focused in tui/model_select.go#ModelSelectorComponent (N1, N2, json tag)
pkg:coding-agent/.#ModelSelectorComponent	pkg:coding-agent/.#ModelSelectorComponent::property:getSearchInput	inheritance: member promoted from the embedded Container/Box/Focusable or Go naming (render->Render, invalidate->Invalidate, getXList->List, dispose, focused field)	tui/model_select.go#ModelSelectorComponent	no field or method for property getSearchInput in tui/model_select.go#ModelSelectorComponent (N1, N2, json tag)
pkg:coding-agent/.#ModelSelectorComponent	pkg:coding-agent/.#ModelSelectorComponent::property:getSearchInput::call:0	inheritance: member promoted from the embedded Container/Box/Focusable or Go naming (render->Render, invalidate->Invalidate, getXList->List, dispose, focused field)	tui/model_select.go#ModelSelectorComponent	property has no Go member
pkg:coding-agent/.#ModelSelectorComponent	pkg:coding-agent/.#ModelSelectorComponent::property:handleInput	behaviour contract: handleInput state-transition contract (behavior-contracts.toml) [B1]	tui/model_select.go#ModelSelectorComponent	B1: handleInput needs a state-transition contract in test/parity/behavior-contracts.toml
pkg:coding-agent/.#ModelSelectorComponent	pkg:coding-agent/.#ModelSelectorComponent::property:render	inheritance: member promoted from the embedded Container/Box/Focusable or Go naming (render->Render, invalidate->Invalidate, getXList->List, dispose, focused field)	tui/model_select.go#ModelSelectorComponent	no field or method for property render in tui/model_select.go#ModelSelectorComponent (N1, N2, json tag)
pkg:coding-agent/.#ModelSelectorComponent	pkg:coding-agent/.#ModelSelectorComponent::property:render::call:0	inheritance: member promoted from the embedded Container/Box/Focusable or Go naming (render->Render, invalidate->Invalidate, getXList->List, dispose, focused field)	tui/model_select.go#ModelSelectorComponent	property has no Go member
pkg:coding-agent/.#NormalizedBuildSystemPromptOptions	pkg:coding-agent/.#NormalizedBuildSystemPromptOptions	naming: Pi class/type name vs Go name (AgentSession->coding.Session, ExtensionAPI->extension.API, ExtensionRunner->inproc.Runner, ...)		no Go type named NormalizedBuildSystemPromptOptions (N1, N2) and no documented rename
pkg:coding-agent/.#OAuthSelectorComponent	pkg:coding-agent/.#OAuthSelectorComponent::construct:0	unions/options: union, boolean, record or options-object shape vs Go representation [S3]	tui/oauth_selector.go#NewOAuthSelectorComponent	S3: required upstream parameter onSelect lands in a Go variadic tail
pkg:coding-agent/.#OAuthSelectorComponent	pkg:coding-agent/.#OAuthSelectorComponent::property:focused	inheritance: member promoted from the embedded Container/Box/Focusable or Go naming (render->Render, invalidate->Invalidate, getXList->List, dispose, focused field)	tui/oauth_selector.go#OAuthSelectorComponent	no field or method for property focused in tui/oauth_selector.go#OAuthSelectorComponent (N1, N2, json tag)
pkg:coding-agent/.#OAuthSelectorComponent	pkg:coding-agent/.#OAuthSelectorComponent::property:handleInput	behaviour contract: handleInput state-transition contract (behavior-contracts.toml) [B1]	tui/oauth_selector.go#OAuthSelectorComponent	B1: handleInput needs a state-transition contract in test/parity/behavior-contracts.toml
pkg:coding-agent/.#OAuthSelectorComponent	pkg:coding-agent/.#OAuthSelectorComponent::property:render	inheritance: member promoted from the embedded Container/Box/Focusable or Go naming (render->Render, invalidate->Invalidate, getXList->List, dispose, focused field)	tui/oauth_selector.go#OAuthSelectorComponent	no field or method for property render in tui/oauth_selector.go#OAuthSelectorComponent (N1, N2, json tag)
pkg:coding-agent/.#OAuthSelectorComponent	pkg:coding-agent/.#OAuthSelectorComponent::property:render::call:0	inheritance: member promoted from the embedded Container/Box/Focusable or Go naming (render->Render, invalidate->Invalidate, getXList->List, dispose, focused field)	tui/oauth_selector.go#OAuthSelectorComponent	property has no Go member
pkg:coding-agent/.#PackageManager	pkg:coding-agent/.#PackageManager	naming: Pi class/type name vs Go name (AgentSession->coding.Session, ExtensionAPI->extension.API, ExtensionRunner->inproc.Runner, ...)		no Go type named PackageManager (N1, N2) and no documented rename
pkg:coding-agent/.#PackageSource	pkg:coding-agent/.#PackageSource	datashapes: named/branded/object-literal/alias type vs a differently named Go type [A3]	internal/codingagent/settings.go#PackageSource	"A3: upstream alias body ""string | { source: string; autoload?: boolean; extensions?: ..."" is not a string-literal union or a single type"
pkg:coding-agent/.#PathMetadata	pkg:coding-agent/.#PathMetadata::property:packageRoot	PORT-NEEDED: PathMetadata.packageRoot	internal/codingagent/resource_paths.go#PathMetadata	no field or method for property packageRoot in internal/codingagent/resource_paths.go#PathMetadata (N1, N2, json tag)
pkg:coding-agent/.#PowerShellToolCallEvent	pkg:coding-agent/.#PowerShellToolCallEvent::property:input	datashapes: named/branded/object-literal/alias type vs a differently named Go type [T12]	coding/extension/events.go#PowerShellToolCallEvent.Input	"T12: object literal type ""{ timeout?: number | undefined; command: string; }"" against Go type extension.PowerShellToolInput"
pkg:coding-agent/.#PowerShellToolInput	pkg:coding-agent/.#PowerShellToolInput	TEST-NEEDED: symbol has no test that names it	coding/extension/opaque_types.go#PowerShellToolInput	no test references coding/extension/opaque_types.go#PowerShellToolInput and no caller is reachable from cmd/pig
pkg:coding-agent/.#PowerShellToolOptions	pkg:coding-agent/.#PowerShellToolOptions::property:operations	TEST-NEEDED: symbol has no test that names it	internal/codingagent/tools/tools.go#PowerShellToolOptions.Operations	no test references internal/codingagent/tools/tools.go#PowerShellToolOptions.Operations and no caller is reachable from cmd/pig
pkg:coding-agent/.#ProjectTrustContext	pkg:coding-agent/.#ProjectTrustContext	naming/placement: several Go declarations match; choose the exported one [N5]		N5: the shape matches several Go declarations: coding/extension/context.go#CommandContext, coding/extension/context.go#Context, coding/extension/replaced_session_context.go#ReplacedSessionContext, coding/extension/tool_context.go#ToolContext
pkg:coding-agent/.#ProjectTrustDecision	pkg:coding-agent/.#ProjectTrustDecision	datashapes: named/branded/object-literal/alias type vs a differently named Go type [A3]	internal/codingagent/trust_manager.go#ProjectTrustDecision	"A3: upstream alias body ""boolean | null"" is not a string-literal union or a single type"
pkg:coding-agent/.#ProjectTrustHandler	pkg:coding-agent/.#ProjectTrustHandler	naming: Pi class/type name vs Go name (AgentSession->coding.Session, ExtensionAPI->extension.API, ExtensionRunner->inproc.Runner, ...)		no Go type named ProjectTrustHandler (N1, N2) and no documented rename
pkg:coding-agent/.#ProviderConfig	pkg:coding-agent/.#ProviderConfig::property:oauth	datashapes: named/branded/object-literal/alias type vs a differently named Go type [T12]	coding/extension/provider.go#ProviderConfig.OAuth	T12: Go struct extension.ProviderOAuth has no field for login(callbacks
pkg:coding-agent/.#ProviderConfig	pkg:coding-agent/.#ProviderConfig::property:streamSimple	datashapes: type has no rule [undecidable]	coding/extension/provider.go#ProviderConfig.StreamSimple	parameter context: T9: upstream type TranscriptContext against Go type extension.AIContext
pkg:coding-agent/.#ProviderModelConfig	pkg:coding-agent/.#ProviderModelConfig	datashapes: named/branded/object-literal/alias type vs a differently named Go type [A4]	coding/extension/provider.go#ProviderModelConfig	A4: the upstream declaration of ProviderModelConfig is missing or declared twice in the pinned sources
pkg:coding-agent/.#QuietStartup	pkg:coding-agent/.#QuietStartup	datashapes: named/branded/object-literal/alias type vs a differently named Go type [A3]	coding/services.go#QuietStartup	"A3: upstream alias body ""boolean | \""header\"""" is not a string-literal union or a single type"
pkg:coding-agent/.#ReadToolCallEvent	pkg:coding-agent/.#ReadToolCallEvent::property:input	datashapes: named/branded/object-literal/alias type vs a differently named Go type [T12]	coding/extension/events.go#ReadToolCallEvent.Input	"T12: object literal type ""{ limit?: number | undefined; offset?: number | un..."" against Go type extension.ReadToolInput"
pkg:coding-agent/.#ReadToolDetails	pkg:coding-agent/.#ReadToolDetails::property:truncation	datashapes: named/branded/object-literal/alias type vs a differently named Go type [T9]	coding/extension/events.go#ReadToolDetails.Truncation	T9: upstream type TruncationResult against Go type extension.ToolTruncation
pkg:coding-agent/.#ReadToolInput	pkg:coding-agent/.#ReadToolInput	datashapes: named/branded/object-literal/alias type vs a differently named Go type [T9]	coding/extension/opaque_types.go#ReadToolInput	T9: upstream type Static against Go type extension.ReadToolInput
pkg:coding-agent/.#ReadonlyFooterDataProvider	pkg:coding-agent/.#ReadonlyFooterDataProvider	datashapes: named/branded/object-literal/alias type vs a differently named Go type [A3]	coding/extension/opaque_types.go#ReadonlyFooterDataProvider	"A3: upstream alias body ""Pick< FooterDataProvider, \""getGitBranch\"" | \""getExtensionStat..."" is not a string-literal union or a single type"
pkg:coding-agent/.#RegisteredCommand	pkg:coding-agent/.#RegisteredCommand::property:handler::call:0	functions: parameter count differs (context.Context, option structs, injected process-global state) [S4]	coding/extension/command.go#RegisteredCommand.Handler	S4: upstream takes 2 parameters, Go takes 1
pkg:coding-agent/.#ResizedImage	pkg:coding-agent/.#ResizedImage	naming: Pi class/type name vs Go name (AgentSession->coding.Session, ExtensionAPI->extension.API, ExtensionRunner->inproc.Runner, ...)		no Go type named ResizedImage (N1, N2) and no documented rename
pkg:coding-agent/.#ResolveCliModelResult	pkg:coding-agent/.#ResolveCliModelResult::property:model	datashapes: named/branded/object-literal/alias type vs a differently named Go type [T9]	internal/codingagent/model_resolver.go#ResolveCliModelResult.Model	T9: upstream type Model against Go type codingagent.RuntimeModel
pkg:coding-agent/.#ResolvedCommand	pkg:coding-agent/.#ResolvedCommand::property:handler::call:0	functions: parameter count differs (context.Context, option structs, injected process-global state) [S4]	coding/extension/command.go#RegisteredCommand.Handler	S4: upstream takes 2 parameters, Go takes 1
pkg:coding-agent/.#ResolvedPaths	pkg:coding-agent/.#ResolvedPaths	naming: Pi class/type name vs Go name (AgentSession->coding.Session, ExtensionAPI->extension.API, ExtensionRunner->inproc.Runner, ...)		no Go type named ResolvedPaths (N1, N2) and no documented rename
pkg:coding-agent/.#ResourceLoader	pkg:coding-agent/.#ResourceLoader::property:extendResources	PORT-NEEDED: ResourceLoader.extendResources	coding/resource_loader.go#ResourceLoader	no field or method for property extendResources in coding/resource_loader.go#ResourceLoader (N1, N2, json tag)
pkg:coding-agent/.#ResourceLoader	pkg:coding-agent/.#ResourceLoader::property:extendResources::call:0	PORT-NEEDED: ResourceLoader.extendResources	coding/resource_loader.go#ResourceLoader	property has no Go member
pkg:coding-agent/.#ResourceLoader	pkg:coding-agent/.#ResourceLoader::property:getExtensions	PORT-NEEDED: ResourceLoader.getExtensions	coding/resource_loader.go#ResourceLoader	no field or method for property getExtensions in coding/resource_loader.go#ResourceLoader (N1, N2, json tag)
pkg:coding-agent/.#ResourceLoader	pkg:coding-agent/.#ResourceLoader::property:getExtensions::call:0	PORT-NEEDED: ResourceLoader.getExtensions	coding/resource_loader.go#ResourceLoader	property has no Go member
pkg:coding-agent/.#ResourceLoader	pkg:coding-agent/.#ResourceLoader::property:getThemes	PORT-NEEDED: ResourceLoader.getThemes	coding/resource_loader.go#ResourceLoader	no field or method for property getThemes in coding/resource_loader.go#ResourceLoader (N1, N2, json tag)
pkg:coding-agent/.#ResourceLoader	pkg:coding-agent/.#ResourceLoader::property:getThemes::call:0	PORT-NEEDED: ResourceLoader.getThemes	coding/resource_loader.go#ResourceLoader	property has no Go member
pkg:coding-agent/.#ResourceLoader	pkg:coding-agent/.#ResourceLoader::property:reload	PORT-NEEDED: ResourceLoader.reload	coding/resource_loader.go#ResourceLoader	no field or method for property reload in coding/resource_loader.go#ResourceLoader (N1, N2, json tag)
pkg:coding-agent/.#ResourceLoader	pkg:coding-agent/.#ResourceLoader::property:reload::call:0	PORT-NEEDED: ResourceLoader.reload	coding/resource_loader.go#ResourceLoader	property has no Go member
pkg:coding-agent/.#RpcCommand	pkg:coding-agent/.#RpcCommand	unions/options: union, boolean, record or options-object shape vs Go representation [U5]	cmd/pig/rpc_types.go#RPCCommandEnvelope	U5: discriminator field Type: a closed union of literals is the bare Go type string, which accepts every value
pkg:coding-agent/.#RpcExtensionUIRequest	pkg:coding-agent/.#RpcExtensionUIRequest	unions/options: union, boolean, record or options-object shape vs Go representation [U5]	cmd/pig/rpc_ui.go#rpcUIRequest	U5: discriminator field Method: a closed union of literals is the bare Go type string, which accepts every value
pkg:coding-agent/.#RpcExtensionUIResponse	pkg:coding-agent/.#RpcExtensionUIResponse	datashapes: named/branded/object-literal/alias type vs a differently named Go type [A3]	cmd/pig/rpc_ui.go#rpcUIResponse	"A3: upstream alias body ""{ type: \""extension_ui_response\""; id: string; value: string }..."" is not a string-literal union or a single type"
pkg:coding-agent/.#RpcResponse	pkg:coding-agent/.#RpcResponse	datashapes: named/branded/object-literal/alias type vs a differently named Go type [A3]	coding/rpcclient/types.go#RpcResponse	"A3: upstream alias body ""// Prompting | { id?: string; type: \""response\""; command: \""pr..."" is not a string-literal union or a single type"
pkg:coding-agent/.#RpcSessionState	pkg:coding-agent/.#RpcSessionState::property:model	datashapes: named/branded/object-literal/alias type vs a differently named Go type [T9]	cmd/pig/rpc_types.go#RPCSessionState.Model	T9: upstream type Model against Go type main.RPCModel
pkg:coding-agent/.#SessionBeforeTreeResult	pkg:coding-agent/.#SessionBeforeTreeResult::property:summary	datashapes: named/branded/object-literal/alias type vs a differently named Go type [T9]	coding/extension/events.go#SessionBeforeTreeResult.Summary	T9: upstream type Usage against Go type any
pkg:coding-agent/.#SessionBoundaryDraft	pkg:coding-agent/.#SessionBoundaryDraft	unions/options: union, boolean, record or options-object shape vs Go representation [U5]	coding/extension/events.go#SessionBoundaryDraft	U5: discriminator field Type: a closed union of literals is the bare Go type string, which accepts every value
pkg:coding-agent/.#SessionEntry	pkg:coding-agent/.#SessionEntry	datashapes: named/branded/object-literal/alias type vs a differently named Go type [A3]	coding/compaction_api.go#SessionEntry	"A3: upstream alias body ""SessionMessageEntry | ThinkingLevelChangeEntry | ModelChange..."" is not a string-literal union or a single type"
pkg:coding-agent/.#SessionManager	pkg:coding-agent/.#SessionManager::property:_persist	PORT-NEEDED: SessionManager._persist	coding/session_manager.go#SessionManager	no field or method for property _persist in coding/session_manager.go#SessionManager (N1, N2, json tag)
pkg:coding-agent/.#SessionManager	pkg:coding-agent/.#SessionManager::property:_persist::call:0	PORT-NEEDED: SessionManager._persist	coding/session_manager.go#SessionManager	property has no Go member
pkg:coding-agent/.#SessionManager	pkg:coding-agent/.#SessionManager::property:appendContextEdit::call:0	datashapes: type has no rule [undecidable]	internal/codingagent/session_manager_projection.go#Session.AppendContextEdit	parameter replacement: T9: upstream type ContextEditableContent against Go type json.RawMessage
pkg:coding-agent/.#SessionManager	pkg:coding-agent/.#SessionManager::property:appendMessage::call:0	datashapes: type has no rule [undecidable]	internal/codingagent/session.go#Session.AppendMessage	"parameter message: T10: union ""Message | BashExecutionMessage | CustomMessage<unknown>"" against Go type agent.AgentMessage (not an interface with methods)"
pkg:coding-agent/.#SessionManager	pkg:coding-agent/.#SessionManager::property:getTree::call:0	datashapes: type has no rule [signature-mismatch]	internal/codingagent/session.go#Session.GetTree	result: T5: upstream array, Go type is codingagent.SessionTreeNode
pkg:coding-agent/.#SessionManager	pkg:coding-agent/.#SessionManager::property:setSessionFile	PORT-NEEDED: SessionManager.setSessionFile	coding/session_manager.go#SessionManager	no field or method for property setSessionFile in coding/session_manager.go#SessionManager (N1, N2, json tag)
pkg:coding-agent/.#SessionManager	pkg:coding-agent/.#SessionManager::property:setSessionFile::call:0	PORT-NEEDED: SessionManager.setSessionFile	coding/session_manager.go#SessionManager	property has no Go member
pkg:coding-agent/.#SessionSelectorComponent	pkg:coding-agent/.#SessionSelectorComponent::construct:0	functions: parameter count differs (context.Context, option structs, injected process-global state) [S4]	internal/codingagent/session_selector_load.go#NewSessionSelectorComponent	S4: upstream takes 8 parameters, Go takes 6
pkg:coding-agent/.#SessionSelectorComponent	pkg:coding-agent/.#SessionSelectorComponent::property:focused	inheritance: member promoted from the embedded Container/Box/Focusable or Go naming (render->Render, invalidate->Invalidate, getXList->List, dispose, focused field)	internal/codingagent/session_selector.go#SessionSelectorComponent	no field or method for property focused in internal/codingagent/session_selector.go#SessionSelectorComponent (N1, N2, json tag)
pkg:coding-agent/.#SessionSelectorComponent	pkg:coding-agent/.#SessionSelectorComponent::property:getSessionList	inheritance: member promoted from the embedded Container/Box/Focusable or Go naming (render->Render, invalidate->Invalidate, getXList->List, dispose, focused field)	internal/codingagent/session_selector.go#SessionSelectorComponent	no field or method for property getSessionList in internal/codingagent/session_selector.go#SessionSelectorComponent (N1, N2, json tag)
pkg:coding-agent/.#SessionSelectorComponent	pkg:coding-agent/.#SessionSelectorComponent::property:getSessionList::call:0	inheritance: member promoted from the embedded Container/Box/Focusable or Go naming (render->Render, invalidate->Invalidate, getXList->List, dispose, focused field)	internal/codingagent/session_selector.go#SessionSelectorComponent	property has no Go member
pkg:coding-agent/.#SessionSelectorComponent	pkg:coding-agent/.#SessionSelectorComponent::property:handleInput	behaviour contract: handleInput state-transition contract (behavior-contracts.toml) [B1]	internal/codingagent/session_selector.go#SessionSelectorComponent	B1: handleInput needs a state-transition contract in test/parity/behavior-contracts.toml
pkg:coding-agent/.#SettingsCallbacks	pkg:coding-agent/.#SettingsCallbacks::property:onOutputPadChange::call:0	datashapes: type has no rule [signature-mismatch]	internal/codingagent/settings_selector.go#SettingsCallbacks.OnOutputPadChange	parameter padding: U1: a closed union of literals is the bare Go type int, which accepts every value
pkg:coding-agent/.#SettingsConfig	pkg:coding-agent/.#SettingsConfig::property:outputPad	unions/options: union, boolean, record or options-object shape vs Go representation [U1]	internal/codingagent/settings_selector.go#SettingsConfig.OutputPad	U1: a closed union of literals is the bare Go type int, which accepts every value
pkg:coding-agent/.#SettingsManager	pkg:coding-agent/.#SettingsManager::property:getCompactionKeepRecentTokens::call:0	datashapes: type has no rule [undecidable]	internal/codingagent/settings.go#SettingsManager.GetCompactionKeepRecentTokens	parameter model: T9: upstream type Model against Go type string
pkg:coding-agent/.#SettingsManager	pkg:coding-agent/.#SettingsManager::property:getCompactionReserveTokens::call:0	datashapes: type has no rule [undecidable]	internal/codingagent/settings.go#SettingsManager.GetCompactionReserveTokens	parameter model: T9: upstream type Model against Go type string
pkg:coding-agent/.#SettingsManager	pkg:coding-agent/.#SettingsManager::property:getCompactionSettings::call:0	datashapes: type has no rule [undecidable]	internal/codingagent/settings.go#SettingsManager.GetCompactionSettings	parameter model: T9: upstream type Model against Go type string
pkg:coding-agent/.#SettingsManager	pkg:coding-agent/.#SettingsManager::property:getTerminalCapabilityOverrides::call:0	datashapes: type has no rule [undecidable]	internal/codingagent/settings.go#SettingsManager.GetTerminalCapabilityOverrides	result: T9: upstream type TerminalCapabilities against Go type tui.CapabilityOverrides
pkg:coding-agent/.#SettingsManagerCreateOptions	pkg:coding-agent/.#SettingsManagerCreateOptions	naming: Pi class/type name vs Go name (AgentSession->coding.Session, ExtensionAPI->extension.API, ExtensionRunner->inproc.Runner, ...)		no Go type named SettingsManagerCreateOptions (N1, N2) and no documented rename
pkg:coding-agent/.#ShowImagesSelectorComponent	pkg:coding-agent/.#ShowImagesSelectorComponent::property:getSelectList	inheritance: member promoted from the embedded Container/Box/Focusable or Go naming (render->Render, invalidate->Invalidate, getXList->List, dispose, focused field)	tui/show_images_selector.go#ShowImagesSelectorComponent	no field or method for property getSelectList in tui/show_images_selector.go#ShowImagesSelectorComponent (N1, N2, json tag)
pkg:coding-agent/.#ShowImagesSelectorComponent	pkg:coding-agent/.#ShowImagesSelectorComponent::property:getSelectList::call:0	inheritance: member promoted from the embedded Container/Box/Focusable or Go naming (render->Render, invalidate->Invalidate, getXList->List, dispose, focused field)	tui/show_images_selector.go#ShowImagesSelectorComponent	property has no Go member
pkg:coding-agent/.#SkillInvocationMessageComponent	pkg:coding-agent/.#SkillInvocationMessageComponent::construct:0	unions/options: union, boolean, record or options-object shape vs Go representation [S9]	tui/skill_invocation.go#NewSkillInvocationMessageComponent	S9: options member bold has no field in the Go options struct
pkg:coding-agent/.#SlashCommandSource	pkg:coding-agent/.#SlashCommandSource	unions/options: union, boolean, record or options-object shape vs Go representation [A1]	internal/codingagent/slash_commands.go#SlashCommandSource	A1: no Go constant of SlashCommandSource for skill
pkg:coding-agent/.#Theme	pkg:coding-agent/.#Theme::construct:0	naming: Pi class/type name vs Go name (AgentSession->coding.Session, ExtensionAPI->extension.API, ExtensionRunner->inproc.Runner, ...)	tui/theme.go#Theme	no NewTheme constructor function (N3)
pkg:coding-agent/.#Theme	pkg:coding-agent/.#Theme::property:colors	datashapes: named/branded/object-literal/alias type vs a differently named Go type [T9]	tui/theme.go#Theme.Colors	T9: upstream type Color against Go type string
pkg:coding-agent/.#Theme	pkg:coding-agent/.#Theme::property:sourceInfo	PORT-NEEDED: Theme.sourceInfo	tui/theme.go#Theme	no field or method for property sourceInfo in tui/theme.go#Theme (N1, N2, json tag)
pkg:coding-agent/.#ThemeAppearance	pkg:coding-agent/.#ThemeAppearance	naming: Pi class/type name vs Go name (AgentSession->coding.Session, ExtensionAPI->extension.API, ExtensionRunner->inproc.Runner, ...)		no Go type named ThemeAppearance (N1, N2) and no documented rename
pkg:coding-agent/.#ThemeSelectorComponent	pkg:coding-agent/.#ThemeSelectorComponent::property:getSelectList	inheritance: member promoted from the embedded Container/Box/Focusable or Go naming (render->Render, invalidate->Invalidate, getXList->List, dispose, focused field)	tui/theme_selector.go#ThemeSelectorComponent	no field or method for property getSelectList in tui/theme_selector.go#ThemeSelectorComponent (N1, N2, json tag)
pkg:coding-agent/.#ThemeSelectorComponent	pkg:coding-agent/.#ThemeSelectorComponent::property:getSelectList::call:0	inheritance: member promoted from the embedded Container/Box/Focusable or Go naming (render->Render, invalidate->Invalidate, getXList->List, dispose, focused field)	tui/theme_selector.go#ThemeSelectorComponent	property has no Go member
pkg:coding-agent/.#ThemeToken	pkg:coding-agent/.#ThemeToken	TEST-NEEDED: symbol has no test that names it	tui/theme_tokens.go#ThemeToken	no test references tui/theme_tokens.go#ThemeToken and no caller is reachable from cmd/pig
pkg:coding-agent/.#ThinkingSelectorComponent	pkg:coding-agent/.#ThinkingSelectorComponent::property:focused	inheritance: member promoted from the embedded Container/Box/Focusable or Go naming (render->Render, invalidate->Invalidate, getXList->List, dispose, focused field)	internal/codingagent/thinking_selector.go#ThinkingSelectorComponent	no field or method for property focused in internal/codingagent/thinking_selector.go#ThinkingSelectorComponent (N1, N2, json tag)
pkg:coding-agent/.#ThinkingSelectorComponent	pkg:coding-agent/.#ThinkingSelectorComponent::property:getSelectList::call:0	datashapes: type has no rule [undecidable]	internal/codingagent/thinking_selector.go#ThinkingSelectorComponent.GetSelectList	result: T9: upstream type SelectList against Go type tui.FilterableList
pkg:coding-agent/.#ThinkingSelectorComponent	pkg:coding-agent/.#ThinkingSelectorComponent::property:handleInput	behaviour contract: handleInput state-transition contract (behavior-contracts.toml) [B1]	internal/codingagent/thinking_selector.go#ThinkingSelectorComponent	B1: handleInput needs a state-transition contract in test/parity/behavior-contracts.toml
pkg:coding-agent/.#ToolCallEvent	pkg:coding-agent/.#ToolCallEvent	datashapes: named/branded/object-literal/alias type vs a differently named Go type [A3]	coding/extension/events.go#ToolCallEvent	"A3: upstream alias body ""BashToolCallEvent | PowerShellToolCallEvent | ReadToolCallEv..."" is not a string-literal union or a single type"
pkg:coding-agent/.#ToolDefinition	pkg:coding-agent/.#ToolDefinition::property:constrainedSampling	datashapes: named/branded/object-literal/alias type vs a differently named Go type [T10]	coding/extension/tool.go#ToolDefinition.ConstrainedSampling	"T10: union ""false | ConstrainedSamplingConfig | undefined"" against Go type json.RawMessage (not an interface with methods)"
pkg:coding-agent/.#ToolDefinition	pkg:coding-agent/.#ToolDefinition::property:execute::call:0	functions: parameter count differs (context.Context, option structs, injected process-global state) [S4]	coding/extension/tool.go#ToolDefinition.Execute	S4: upstream takes 4 parameters, Go takes 3
pkg:coding-agent/.#ToolDefinition	pkg:coding-agent/.#ToolDefinition::property:outputSchema	datashapes: named/branded/object-literal/alias type vs a differently named Go type [T9]	coding/extension/tool.go#ToolDefinition.OutputSchema	T9: upstream type TSchema against Go type json.RawMessage
pkg:coding-agent/.#ToolDefinition	pkg:coding-agent/.#ToolDefinition::property:prepareArguments	datashapes: type has no rule [undecidable]	coding/extension/tool.go#ToolDefinition.PrepareArguments	result: T9: upstream type Static against Go type json.RawMessage
pkg:coding-agent/.#ToolDefinition	pkg:coding-agent/.#ToolDefinition::property:renderCall	datashapes: type has no rule [undecidable]	coding/extension/tool.go#ToolDefinition.RenderCall	parameter args: T9: upstream type Static against Go type json.RawMessage
pkg:coding-agent/.#ToolExecutionComponent	pkg:coding-agent/.#ToolExecutionComponent::construct:0	functions: parameter count differs (context.Context, option structs, injected process-global state) [S4]	tui/tool_execution.go#NewToolExecutionComponent	S4: upstream takes 7 parameters, Go takes 2
pkg:coding-agent/.#ToolExecutionComponent	pkg:coding-agent/.#ToolExecutionComponent::property:updateArgs::call:0	functions: parameter count differs (context.Context, option structs, injected process-global state) [S4]	tui/tool_execution.go#ToolExecutionComponent.UpdateArgs	S4: upstream takes 1 parameters, Go takes 2
pkg:coding-agent/.#ToolExecutionComponent	pkg:coding-agent/.#ToolExecutionComponent::property:updateResult	inheritance: member promoted from the embedded Container/Box/Focusable or Go naming (render->Render, invalidate->Invalidate, getXList->List, dispose, focused field)	tui/tool_execution.go#ToolExecutionComponent	no field or method for property updateResult in tui/tool_execution.go#ToolExecutionComponent (N1, N2, json tag)
pkg:coding-agent/.#ToolExecutionComponent	pkg:coding-agent/.#ToolExecutionComponent::property:updateResult::call:0	inheritance: member promoted from the embedded Container/Box/Focusable or Go naming (render->Render, invalidate->Invalidate, getXList->List, dispose, focused field)	tui/tool_execution.go#ToolExecutionComponent	property has no Go member
pkg:coding-agent/.#ToolExecutionOptions	pkg:coding-agent/.#ToolExecutionOptions	naming/placement: several Go declarations match; choose the exported one [N5]		N5: the shape matches several Go declarations: internal/codingagent/settings.go#Settings, internal/codingagent/settings_selector.go#SettingsConfig, internal/codingagent/settings.go#settingsWire, internal/codingagent/settings.go#terminalSettingsWire
pkg:coding-agent/.#ToolInfo	pkg:coding-agent/.#ToolInfo	datashapes: named/branded/object-literal/alias type vs a differently named Go type [A3]	coding/extension/tool.go#ToolInfo	"A3: upstream alias body ""Pick<ToolDefinition, \""name\"" | \""description\"" | \""parameters\"" |..."" is not a string-literal union or a single type"
pkg:coding-agent/.#ToolRenderers	pkg:coding-agent/.#ToolRenderers	datashapes: named/branded/object-literal/alias type vs a differently named Go type [T9]	internal/codingagent/tool_renderer_factory.go#ToolRenderers	T9: upstream type AnyToolDefinition against Go type codingagent.ToolRenderers
pkg:coding-agent/.#ToolResultEvent	pkg:coding-agent/.#ToolResultEvent	datashapes: named/branded/object-literal/alias type vs a differently named Go type [A3]	coding/extension/events.go#ToolResultEvent	"A3: upstream alias body ""BashToolResultEvent | PowerShellToolResultEvent | ReadToolRe..."" is not a string-literal union or a single type"
pkg:coding-agent/.#ToolResultEventResult	pkg:coding-agent/.#ToolResultEventResult::property:content	datashapes: named/branded/object-literal/alias type vs a differently named Go type [T10]	coding/extension/events.go#ToolResultEventResult.Content	"T10: union ""TextContent | ImageContent"" against Go type any (not an interface with methods)"
pkg:coding-agent/.#ToolResultEventResult	pkg:coding-agent/.#ToolResultEventResult::property:usage	datashapes: named/branded/object-literal/alias type vs a differently named Go type [T9]	coding/extension/events.go#ToolResultEventResult.Usage	T9: upstream type Usage against Go type any
pkg:coding-agent/.#TreeSelectorComponent	pkg:coding-agent/.#TreeSelectorComponent::construct:0	functions: parameter count differs (context.Context, option structs, injected process-global state) [S4]	tui/tree_select.go#NewTreeSelectorComponent	S4: upstream takes 8 parameters, Go takes 2
pkg:coding-agent/.#TreeSelectorComponent	pkg:coding-agent/.#TreeSelectorComponent::property:focused	inheritance: member promoted from the embedded Container/Box/Focusable or Go naming (render->Render, invalidate->Invalidate, getXList->List, dispose, focused field)	tui/tree_select.go#TreeSelectorComponent	no field or method for property focused in tui/tree_select.go#TreeSelectorComponent (N1, N2, json tag)
pkg:coding-agent/.#TreeSelectorComponent	pkg:coding-agent/.#TreeSelectorComponent::property:getTreeList	inheritance: member promoted from the embedded Container/Box/Focusable or Go naming (render->Render, invalidate->Invalidate, getXList->List, dispose, focused field)	tui/tree_select.go#TreeSelectorComponent	no field or method for property getTreeList in tui/tree_select.go#TreeSelectorComponent (N1, N2, json tag)
pkg:coding-agent/.#TreeSelectorComponent	pkg:coding-agent/.#TreeSelectorComponent::property:getTreeList::call:0	inheritance: member promoted from the embedded Container/Box/Focusable or Go naming (render->Render, invalidate->Invalidate, getXList->List, dispose, focused field)	tui/tree_select.go#TreeSelectorComponent	property has no Go member
pkg:coding-agent/.#TreeSelectorComponent	pkg:coding-agent/.#TreeSelectorComponent::property:handleInput	behaviour contract: handleInput state-transition contract (behavior-contracts.toml) [B1]	tui/tree_select.go#TreeSelectorComponent	B1: handleInput needs a state-transition contract in test/parity/behavior-contracts.toml
pkg:coding-agent/.#TruncationOptions	pkg:coding-agent/.#TruncationOptions	naming/placement: several Go declarations match; choose the exported one [N5]		N5: the shape matches several Go declarations: internal/codingagent/tools/output_accumulator.go#OutputAccumulator, internal/codingagent/tools/truncate.go#TruncationResult, coding/extension/events.go#ToolTruncation
pkg:coding-agent/.#TuiMode	pkg:coding-agent/.#TuiMode	datashapes: named/branded/object-literal/alias type vs a differently named Go type [T9]	tui/tui_mode_debug.go#TuiMode	T9: upstream type RendererTuiMode against Go type tui.TuiMode
pkg:coding-agent/.#TurnEndEvent	pkg:coding-agent/.#TurnEndEvent::property:toolResults	datashapes: named/branded/object-literal/alias type vs a differently named Go type [T12]	coding/extension/events.go#TurnEndEvent.ToolResults	"T12: object literal type ""{ role: \""toolResult\""; toolCallId: string; toolName..."" against Go type extension.ToolResultMessage"
pkg:coding-agent/.#TurnEndEventResult	pkg:coding-agent/.#TurnEndEventResult	naming: Pi class/type name vs Go name (AgentSession->coding.Session, ExtensionAPI->extension.API, ExtensionRunner->inproc.Runner, ...)		no Go type named TurnEndEventResult (N1, N2) and no documented rename
pkg:coding-agent/.#UserBashEventResult	pkg:coding-agent/.#UserBashEventResult	datashapes: named/branded/object-literal/alias type vs a differently named Go type [A3]	coding/extension/events.go#UserBashEventResult	"A3: upstream alias body ""{ /** Custom operations to use for execution */ operations: ..."" is not a string-literal union or a single type"
pkg:coding-agent/.#UserMessageComponent	pkg:coding-agent/.#UserMessageComponent::construct:0	functions: parameter count differs (context.Context, option structs, injected process-global state) [S4]	tui/user_message_block.go#NewUserMessageComponent	S4: upstream takes 4 parameters, Go takes 1
pkg:coding-agent/.#UserMessageComponent	pkg:coding-agent/.#UserMessageComponent::property:invalidate	inheritance: member promoted from the embedded Container/Box/Focusable or Go naming (render->Render, invalidate->Invalidate, getXList->List, dispose, focused field)	tui/user_message_block.go#UserMessageComponent	no field or method for property invalidate in tui/user_message_block.go#UserMessageComponent (N1, N2, json tag)
pkg:coding-agent/.#UserMessageComponent	pkg:coding-agent/.#UserMessageComponent::property:invalidate::call:0	inheritance: member promoted from the embedded Container/Box/Focusable or Go naming (render->Render, invalidate->Invalidate, getXList->List, dispose, focused field)	tui/user_message_block.go#UserMessageComponent	property has no Go member
pkg:coding-agent/.#UserMessageComponent	pkg:coding-agent/.#UserMessageComponent::property:render	inheritance: member promoted from the embedded Container/Box/Focusable or Go naming (render->Render, invalidate->Invalidate, getXList->List, dispose, focused field)	tui/user_message_block.go#UserMessageComponent	no field or method for property render in tui/user_message_block.go#UserMessageComponent (N1, N2, json tag)
pkg:coding-agent/.#UserMessageComponent	pkg:coding-agent/.#UserMessageComponent::property:render::call:0	inheritance: member promoted from the embedded Container/Box/Focusable or Go naming (render->Render, invalidate->Invalidate, getXList->List, dispose, focused field)	tui/user_message_block.go#UserMessageComponent	property has no Go member
pkg:coding-agent/.#UserMessageComponent	pkg:coding-agent/.#UserMessageComponent::property:setOutputPad	inheritance: member promoted from the embedded Container/Box/Focusable or Go naming (render->Render, invalidate->Invalidate, getXList->List, dispose, focused field)	tui/user_message_block.go#UserMessageComponent	no field or method for property setOutputPad in tui/user_message_block.go#UserMessageComponent (N1, N2, json tag)
pkg:coding-agent/.#UserMessageComponent	pkg:coding-agent/.#UserMessageComponent::property:setOutputPad::call:0	inheritance: member promoted from the embedded Container/Box/Focusable or Go naming (render->Render, invalidate->Invalidate, getXList->List, dispose, focused field)	tui/user_message_block.go#UserMessageComponent	property has no Go member
pkg:coding-agent/.#UserMessageSelectorComponent	pkg:coding-agent/.#UserMessageSelectorComponent::construct:0	functions: parameter count differs (context.Context, option structs, injected process-global state) [S4]	tui/user_message_selector.go#NewUserMessageSelectorComponent	S4: upstream takes 4 parameters, Go takes 1
pkg:coding-agent/.#UserMessageSelectorComponent	pkg:coding-agent/.#UserMessageSelectorComponent::property:getMessageList	inheritance: member promoted from the embedded Container/Box/Focusable or Go naming (render->Render, invalidate->Invalidate, getXList->List, dispose, focused field)	tui/user_message_selector.go#UserMessageSelectorComponent	no field or method for property getMessageList in tui/user_message_selector.go#UserMessageSelectorComponent (N1, N2, json tag)
pkg:coding-agent/.#UserMessageSelectorComponent	pkg:coding-agent/.#UserMessageSelectorComponent::property:getMessageList::call:0	inheritance: member promoted from the embedded Container/Box/Focusable or Go naming (render->Render, invalidate->Invalidate, getXList->List, dispose, focused field)	tui/user_message_selector.go#UserMessageSelectorComponent	property has no Go member
pkg:coding-agent/.#UserMessageSelectorComponent	pkg:coding-agent/.#UserMessageSelectorComponent::property:render	inheritance: member promoted from the embedded Container/Box/Focusable or Go naming (render->Render, invalidate->Invalidate, getXList->List, dispose, focused field)	tui/user_message_selector.go#UserMessageSelectorComponent	no field or method for property render in tui/user_message_selector.go#UserMessageSelectorComponent (N1, N2, json tag)
pkg:coding-agent/.#UserMessageSelectorComponent	pkg:coding-agent/.#UserMessageSelectorComponent::property:render::call:0	inheritance: member promoted from the embedded Container/Box/Focusable or Go naming (render->Render, invalidate->Invalidate, getXList->List, dispose, focused field)	tui/user_message_selector.go#UserMessageSelectorComponent	property has no Go member
pkg:coding-agent/.#WriteToolCallEvent	pkg:coding-agent/.#WriteToolCallEvent::property:input	datashapes: named/branded/object-literal/alias type vs a differently named Go type [T12]	coding/extension/events.go#WriteToolCallEvent.Input	"T12: object literal type ""{ content: string; path: string; }"" against Go type extension.WriteToolInput"
pkg:coding-agent/.#WriteToolInput	pkg:coding-agent/.#WriteToolInput	datashapes: named/branded/object-literal/alias type vs a differently named Go type [T9]	coding/extension/opaque_types.go#WriteToolInput	T9: upstream type Static against Go type extension.WriteToolInput
pkg:coding-agent/.#buildContextEntries	pkg:coding-agent/.#buildContextEntries::call:0	datashapes: type has no rule [signature-mismatch]	internal/codingagent/session_context.go#BuildContextEntries	parameter byId: T6: upstream record, Go type is string
pkg:coding-agent/.#buildSessionContext	pkg:coding-agent/.#buildSessionContext::call:0	datashapes: type has no rule [signature-mismatch]	internal/codingagent/session_context.go#BuildSessionContext	parameter byId: T6: upstream record, Go type is string
pkg:coding-agent/.#buildSessionProjection	pkg:coding-agent/.#buildSessionProjection::call:0	functions: parameter count differs (context.Context, option structs, injected process-global state) [S4]	internal/codingagent/session_manager_projection.go#BuildSessionProjection	S4: upstream takes 3 parameters, Go takes 1
pkg:coding-agent/.#collectEntriesForBranchSummary	pkg:coding-agent/.#collectEntriesForBranchSummary::call:0	datashapes: type has no rule [undecidable]	internal/codingagent/compaction/branch_summarization.go#CollectEntriesForBranchSummary	parameter session: T9: upstream type ReadonlySessionManager against Go type compaction.ReadonlySession
pkg:coding-agent/.#compact	pkg:coding-agent/.#compact::call:0	functions: parameter count differs (context.Context, option structs, injected process-global state) [S4]	internal/codingagent/compaction/compaction.go#Compact	S4: upstream takes 11 parameters, Go takes 8
pkg:coding-agent/.#convertToLlm	pkg:coding-agent/.#convertToLlm::call:0	functions: parameter count differs (context.Context, option structs, injected process-global state) [S4]	agent/messages.go#ConvertToLLM	S4: upstream takes 1 parameters, Go takes 2
pkg:coding-agent/.#createAgentSession	pkg:coding-agent/.#createAgentSession	placement: Pi index.ts export; the Go function lives in cmd/pig or an internal package under another name		no Go func named createAgentSession (N1, N2) and no documented rename
pkg:coding-agent/.#createAgentSessionFromServices	pkg:coding-agent/.#createAgentSessionFromServices	placement: Pi index.ts export; the Go function lives in cmd/pig or an internal package under another name		no Go func named createAgentSessionFromServices (N1, N2) and no documented rename
pkg:coding-agent/.#createBashTool	pkg:coding-agent/.#createBashTool::call:0	functions: parameter count differs (context.Context, option structs, injected process-global state) [S4]	internal/codingagent/tools/tools.go#CreateBashTool	S4: upstream takes 2 parameters, Go takes 3
pkg:coding-agent/.#createBashToolDefinition	pkg:coding-agent/.#createBashToolDefinition	naming: Pi splits ToolDefinition from AgentTool; Go Create<Tool>Tool(cwd, options, ...) returns the tool that carries its definition		no Go func named createBashToolDefinition (N1, N2) and no documented rename
pkg:coding-agent/.#createCodemodeExtension	pkg:coding-agent/.#createCodemodeExtension	placement: Pi index.ts export; the Go function lives in cmd/pig or an internal package under another name		no Go func named createCodemodeExtension (N1, N2) and no documented rename
pkg:coding-agent/.#createEditTool	pkg:coding-agent/.#createEditTool::call:0	functions: parameter count differs (context.Context, option structs, injected process-global state) [S4]	internal/codingagent/tools/tools.go#CreateEditTool	S4: upstream takes 2 parameters, Go takes 3
pkg:coding-agent/.#createEditToolDefinition	pkg:coding-agent/.#createEditToolDefinition	naming: Pi splits ToolDefinition from AgentTool; Go Create<Tool>Tool(cwd, options, ...) returns the tool that carries its definition		no Go func named createEditToolDefinition (N1, N2) and no documented rename
pkg:coding-agent/.#createFindTool	pkg:coding-agent/.#createFindTool::call:0	functions: parameter count differs (context.Context, option structs, injected process-global state) [S4]	internal/codingagent/tools/tools.go#CreateFindTool	S4: upstream takes 2 parameters, Go takes 3
pkg:coding-agent/.#createFindToolDefinition	pkg:coding-agent/.#createFindToolDefinition	naming: Pi splits ToolDefinition from AgentTool; Go Create<Tool>Tool(cwd, options, ...) returns the tool that carries its definition		no Go func named createFindToolDefinition (N1, N2) and no documented rename
pkg:coding-agent/.#createGrepTool	pkg:coding-agent/.#createGrepTool::call:0	functions: parameter count differs (context.Context, option structs, injected process-global state) [S4]	internal/codingagent/tools/tools.go#CreateGrepTool	S4: upstream takes 2 parameters, Go takes 3
pkg:coding-agent/.#createGrepToolDefinition	pkg:coding-agent/.#createGrepToolDefinition	naming: Pi splits ToolDefinition from AgentTool; Go Create<Tool>Tool(cwd, options, ...) returns the tool that carries its definition		no Go func named createGrepToolDefinition (N1, N2) and no documented rename
pkg:coding-agent/.#createLocalBashOperations	pkg:coding-agent/.#createLocalBashOperations::call:0	functions: parameter count differs (context.Context, option structs, injected process-global state) [S4]	internal/codingagent/tools/bash_operations.go#NewLocalBashOperations	S4: upstream takes 1 parameters, Go takes 2
pkg:coding-agent/.#createLocalPowerShellOperations	pkg:coding-agent/.#createLocalPowerShellOperations::call:0	datashapes: type has no rule [undecidable]	internal/codingagent/tools/powershell.go#NewLocalPowerShellOperations	result: T9: upstream type BashOperations against Go type tools.LocalShellOperations
pkg:coding-agent/.#createLsTool	pkg:coding-agent/.#createLsTool::call:0	datashapes: type has no rule [undecidable]	internal/codingagent/tools/tools.go#CreateLsTool	result: T9: upstream type AgentTool against Go type tools.LsTool
pkg:coding-agent/.#createLsToolDefinition	pkg:coding-agent/.#createLsToolDefinition	naming: Pi splits ToolDefinition from AgentTool; Go Create<Tool>Tool(cwd, options, ...) returns the tool that carries its definition		no Go func named createLsToolDefinition (N1, N2) and no documented rename
pkg:coding-agent/.#createMcpExtension	pkg:coding-agent/.#createMcpExtension	placement: Pi index.ts export; the Go function lives in cmd/pig or an internal package under another name		no Go func named createMcpExtension (N1, N2) and no documented rename
pkg:coding-agent/.#createPowerShellTool	pkg:coding-agent/.#createPowerShellTool::call:0	functions: parameter count differs (context.Context, option structs, injected process-global state) [S4]	internal/codingagent/tools/tools.go#CreatePowerShellTool	S4: upstream takes 2 parameters, Go takes 3
pkg:coding-agent/.#createPowerShellToolDefinition	pkg:coding-agent/.#createPowerShellToolDefinition	naming: Pi splits ToolDefinition from AgentTool; Go Create<Tool>Tool(cwd, options, ...) returns the tool that carries its definition		no Go func named createPowerShellToolDefinition (N1, N2) and no documented rename
pkg:coding-agent/.#createReadTool	pkg:coding-agent/.#createReadTool::call:0	datashapes: type has no rule [undecidable]	internal/codingagent/tools/tools.go#CreateReadTool	result: T9: upstream type AgentTool against Go type tools.ReadTool
pkg:coding-agent/.#createReadToolDefinition	pkg:coding-agent/.#createReadToolDefinition	naming: Pi splits ToolDefinition from AgentTool; Go Create<Tool>Tool(cwd, options, ...) returns the tool that carries its definition		no Go func named createReadToolDefinition (N1, N2) and no documented rename
pkg:coding-agent/.#createToolSearchExtension	pkg:coding-agent/.#createToolSearchExtension	placement: Pi index.ts export; the Go function lives in cmd/pig or an internal package under another name		no Go func named createToolSearchExtension (N1, N2) and no documented rename
pkg:coding-agent/.#createWriteTool	pkg:coding-agent/.#createWriteTool::call:0	functions: parameter count differs (context.Context, option structs, injected process-global state) [S4]	internal/codingagent/tools/tools.go#CreateWriteTool	S4: upstream takes 2 parameters, Go takes 3
pkg:coding-agent/.#createWriteToolDefinition	pkg:coding-agent/.#createWriteToolDefinition	naming: Pi splits ToolDefinition from AgentTool; Go Create<Tool>Tool(cwd, options, ...) returns the tool that carries its definition		no Go func named createWriteToolDefinition (N1, N2) and no documented rename
pkg:coding-agent/.#defineTool	pkg:coding-agent/.#defineTool	placement: Pi index.ts export; the Go function lives in cmd/pig or an internal package under another name		no Go func named defineTool (N1, N2) and no documented rename
pkg:coding-agent/.#discoverAndLoadExtensions	pkg:coding-agent/.#discoverAndLoadExtensions	placement: Pi index.ts export; the Go function lives in cmd/pig or an internal package under another name		no Go func named discoverAndLoadExtensions (N1, N2) and no documented rename
pkg:coding-agent/.#formatDimensionNote	pkg:coding-agent/.#formatDimensionNote::call:0	datashapes: type has no rule [undecidable]	internal/imageprocessing/images.go#formatDimensionNote	parameter result: T9: upstream type ResizedImage against Go type imageprocessing.preparedImageResult
pkg:coding-agent/.#formatSkillsForPrompt	pkg:coding-agent/.#formatSkillsForPrompt	naming/placement: several Go declarations match; choose the exported one [N5]		N5: the shape matches several Go declarations: internal/codingagent/prompts/coding.go#formatSkills, coding/extension/builtin/codemode/models_args.go#field, tui/compact_read_header.go#FormatCompactReadHeader, tui/tool_execution.go#FormatEditHeader
pkg:coding-agent/.#generateSummary	pkg:coding-agent/.#generateSummary::call:0	functions: parameter count differs (context.Context, option structs, injected process-global state) [S4]	internal/codingagent/compaction/compaction.go#generateSummary	S4: upstream takes 13 parameters, Go takes 10
pkg:coding-agent/.#generateSummaryWithUsage	pkg:coding-agent/.#generateSummaryWithUsage	placement: Pi index.ts export; the Go function lives in cmd/pig or an internal package under another name		no Go func named generateSummaryWithUsage (N1, N2) and no documented rename
pkg:coding-agent/.#getAgentDir	pkg:coding-agent/.#getAgentDir	naming/placement: several Go declarations match; choose the exported one [N5]		N5: the shape matches several Go declarations: coding/extension/host/subprocess/builder_node.go#ensureNodeRuntime, cmd/pig/main.go#readPipedStdin
pkg:coding-agent/.#getDocsPath	pkg:coding-agent/.#getDocsPath	naming/placement: several Go declarations match; choose the exported one [N5]		N5: the shape matches several Go declarations: coding/extension/host/subprocess/builder_node.go#ensureNodeRuntime, cmd/pig/main.go#readPipedStdin
pkg:coding-agent/.#getExamplesPath	pkg:coding-agent/.#getExamplesPath	naming/placement: several Go declarations match; choose the exported one [N5]		N5: the shape matches several Go declarations: coding/extension/host/subprocess/builder_node.go#ensureNodeRuntime, cmd/pig/main.go#readPipedStdin
pkg:coding-agent/.#getLanguageFromPath	pkg:coding-agent/.#getLanguageFromPath	naming/placement: several Go declarations match; choose the exported one [N5]		N5: the shape matches several Go declarations: coding/virtual_models.go#jsMemberString, internal/codingagent/tool_codemode_renderer.go#codemodeCodeArg, internal/codingagent/session_manager_projection.go#textBlockContent, internal/codingagent/tools/context_cwd.go#toolCWD
pkg:coding-agent/.#getLatestCompactionEntry	pkg:coding-agent/.#getLatestCompactionEntry	placement: Pi index.ts export; the Go function lives in cmd/pig or an internal package under another name		no Go func named getLatestCompactionEntry (N1, N2) and no documented rename
pkg:coding-agent/.#getMarkdownTheme	pkg:coding-agent/.#getMarkdownTheme	placement: Pi index.ts export; the Go function lives in cmd/pig or an internal package under another name		no Go func named getMarkdownTheme (N1, N2) and no documented rename
pkg:coding-agent/.#getReadmePath	pkg:coding-agent/.#getReadmePath	naming/placement: several Go declarations match; choose the exported one [N5]		N5: the shape matches several Go declarations: coding/extension/host/subprocess/builder_node.go#ensureNodeRuntime, cmd/pig/main.go#readPipedStdin
pkg:coding-agent/.#getSelectListTheme	pkg:coding-agent/.#getSelectListTheme	placement: Pi index.ts export; the Go function lives in cmd/pig or an internal package under another name		no Go func named getSelectListTheme (N1, N2) and no documented rename
pkg:coding-agent/.#initTheme	pkg:coding-agent/.#initTheme::call:0	datashapes: type has no rule [signature-mismatch]	cmd/pig/theme_init.go#initTheme	parameter themeName: T1: upstream string is a string, Go type is codingagent.SettingsManager
pkg:coding-agent/.#isBashToolResult	pkg:coding-agent/.#isBashToolResult	designed out: TypeScript type guard over a discriminated union; Go switches on the typed value		no Go func named isBashToolResult (N1, N2) and no documented rename
pkg:coding-agent/.#isEditToolResult	pkg:coding-agent/.#isEditToolResult	designed out: TypeScript type guard over a discriminated union; Go switches on the typed value		no Go func named isEditToolResult (N1, N2) and no documented rename
pkg:coding-agent/.#isFindToolResult	pkg:coding-agent/.#isFindToolResult	designed out: TypeScript type guard over a discriminated union; Go switches on the typed value		no Go func named isFindToolResult (N1, N2) and no documented rename
pkg:coding-agent/.#isGrepToolResult	pkg:coding-agent/.#isGrepToolResult	designed out: TypeScript type guard over a discriminated union; Go switches on the typed value		no Go func named isGrepToolResult (N1, N2) and no documented rename
pkg:coding-agent/.#isLsToolResult	pkg:coding-agent/.#isLsToolResult	designed out: TypeScript type guard over a discriminated union; Go switches on the typed value		no Go func named isLsToolResult (N1, N2) and no documented rename
pkg:coding-agent/.#isPowerShellToolResult	pkg:coding-agent/.#isPowerShellToolResult	designed out: TypeScript type guard over a discriminated union; Go switches on the typed value		no Go func named isPowerShellToolResult (N1, N2) and no documented rename
pkg:coding-agent/.#isReadToolResult	pkg:coding-agent/.#isReadToolResult	designed out: TypeScript type guard over a discriminated union; Go switches on the typed value		no Go func named isReadToolResult (N1, N2) and no documented rename
pkg:coding-agent/.#isToolCallEventType	pkg:coding-agent/.#isToolCallEventType	designed out: TypeScript type guard over a discriminated union; Go switches on the typed value		no Go func named isToolCallEventType (N1, N2) and no documented rename
pkg:coding-agent/.#isWriteToolResult	pkg:coding-agent/.#isWriteToolResult	designed out: TypeScript type guard over a discriminated union; Go switches on the typed value		no Go func named isWriteToolResult (N1, N2) and no documented rename
pkg:coding-agent/.#keyHint	pkg:coding-agent/.#keyHint::call:0	datashapes: type has no rule [undecidable]	tui/keybinding_hints.go#KeyHint	"parameter keybinding: T12: type ""keyof Keybindings"" has no rule"
pkg:coding-agent/.#keyText	pkg:coding-agent/.#keyText	placement: Pi index.ts export; the Go function lives in cmd/pig or an internal package under another name		no Go func named keyText (N1, N2) and no documented rename
pkg:coding-agent/.#main	pkg:coding-agent/.#main::call:0	functions: parameter count differs (context.Context, option structs, injected process-global state) [S4]	coding/extension/host/subprocess/internal/noderuntimegen/main.go#main	S4: upstream takes 2 parameters, Go takes 0
pkg:coding-agent/.#migrateSessionEntries	pkg:coding-agent/.#migrateSessionEntries::call:0	functions: parameter count differs (context.Context, option structs, injected process-global state) [S4]	internal/codingagent/session_restore.go#migrateSessionEntries	S4: upstream takes 1 parameters, Go takes 2
pkg:coding-agent/.#parseArgs	pkg:coding-agent/.#parseArgs	placement: Pi index.ts export; the Go function lives in cmd/pig or an internal package under another name		no Go func named parseArgs (N1, N2) and no documented rename
pkg:coding-agent/.#parseFrontmatter	pkg:coding-agent/.#parseFrontmatter	placement: Pi index.ts export; the Go function lives in cmd/pig or an internal package under another name		no Go func/const/var named parseFrontmatter (N1, N2) and no documented rename
pkg:coding-agent/.#parseSessionEntries	pkg:coding-agent/.#parseSessionEntries	naming/placement: several Go declarations match; choose the exported one [N5]		N5: the shape matches several Go declarations: internal/codingagent/session_manager_projection.go#textBlockContent, coding/extension/host/subprocess/prompt_options.go#promptOptionsEventArgs
pkg:coding-agent/.#readStoredCredential	pkg:coding-agent/.#readStoredCredential	placement: Pi index.ts export; the Go function lives in cmd/pig or an internal package under another name		no Go func named readStoredCredential (N1, N2) and no documented rename
pkg:coding-agent/.#resizeImage	pkg:coding-agent/.#resizeImage::call:0	datashapes: type has no rule [signature-mismatch]	internal/imageprocessing/images.go#resizeImage	parameter mimeType: T1: upstream string is a string, Go type is int
pkg:coding-agent/.#resolveCliModel	pkg:coding-agent/.#resolveCliModel::call:0	datashapes: type has no rule [undecidable]	internal/codingagent/model_resolver.go#ResolveCliModel	parameter modelRuntime: T9: upstream type ModelRuntime against Go type codingagent.ModelResolverRuntime
pkg:coding-agent/.#resolveModelScopeWithDiagnostics	pkg:coding-agent/.#resolveModelScopeWithDiagnostics::call:0	datashapes: type has no rule [undecidable]	internal/codingagent/model_scope.go#ResolveModelScopeWithDiagnostics	parameter modelRuntime: T9: upstream type ModelRuntime against Go type codingagent.ModelScopeRuntime
pkg:coding-agent/.#runPrintMode	pkg:coding-agent/.#runPrintMode::call:0	functions: Promise<number> exit code vs Go error return; the caller derives the process exit code	cmd/pig/print_mode.go#runPrintMode	S5: upstream returns number, Go returns no value
pkg:coding-agent/.#runRpcMode	pkg:coding-agent/.#runRpcMode::call:0	functions: parameter count differs (context.Context, option structs, injected process-global state) [S4]	cmd/pig/rpc_mode.go#runRPCMode	S4: upstream takes 1 parameters, Go takes 3
pkg:coding-agent/.#stripFrontmatter	pkg:coding-agent/.#stripFrontmatter	placement: Pi index.ts export; the Go function lives in cmd/pig or an internal package under another name		no Go func/const/var named stripFrontmatter (N1, N2) and no documented rename
pkg:coding-agent/.#truncateToVisualLines	pkg:coding-agent/.#truncateToVisualLines::call:0	datashapes: type has no rule [signature-mismatch]	tui/visual_truncate.go#TruncateToVisualLines	parameter keep: U1: the upstream union is a union of strings, the Go type is int
pkg:coding-agent/.#withFileMutationQueue	pkg:coding-agent/.#withFileMutationQueue	naming/placement: several Go declarations match; choose the exported one [N5]		N5: the shape matches several Go declarations: internal/codingagent/prompt_templates.go#promptWarning, coding/extension/host/subprocess/host.go#UnresolvedExtConfig, cmd/pig/configured_resources.go#extensionLoadFailureDiagnostic, cmd/pig/extension_validate_command.go#validationErrorReport
pkg:coding-agent/.#wrapRegisteredTool	pkg:coding-agent/.#wrapRegisteredTool	placement: Pi index.ts export; the Go function lives in cmd/pig or an internal package under another name		no Go func named wrapRegisteredTool (N1, N2) and no documented rename
pkg:coding-agent/.#wrapRegisteredTools	pkg:coding-agent/.#wrapRegisteredTools	placement: Pi index.ts export; the Go function lives in cmd/pig or an internal package under another name		no Go func named wrapRegisteredTools (N1, N2) and no documented rename
